"Year","State","Value"
1960,"AL",0.898525319804311
1960,"AR",1.72645949254315
1960,"AZ",0.681423537886388
1960,"CA",5.08943573975059
1960,"CO",1.13198665898558
1960,"CT",0.160933102918373
1960,"DE",0.0985292716544624
1960,"FL",0.842496935977837
1960,"GA",1.41265936980418
1960,"IA",3.39504149963649
1960,"ID",1.00472035507232
1960,"IL",3.64335311090323
1960,"IN",2.186736224405
1960,"KS",2.83317617930192
1960,"KY",0.971123903381737
1960,"LA",0.910202797010631
1960,"MA",0.193646351046923
1960,"MD",0.399598386653323
1960,"ME",0.22856445255747
1960,"MI",1.56105718311942
1960,"MN",3.06260864231133
1960,"MO",2.28423535245267
1960,"MS",1.24611383341662
1960,"MT",1.17639504343595
1960,"NC",2.12829385831615
1960,"ND",1.85845646415468
1960,"NE",2.82763077556825
1960,"NH",0.0692358177832348
1960,"NJ",0.377456037143745
1960,"NM",0.4372532938583
1960,"NV",0.102258102467371
1960,"NY",1.52602490078673
1960,"OH",1.94811870281585
1960,"OK",1.47347304095289
1960,"OR",0.934776602203194
1960,"PA",1.48535282789111
1960,"RI",0.0294716531901606
1960,"SC",0.86667079350961
1960,"SD",1.61100601311289
1960,"TN",1.02067301727305
1960,"TX",6.2577869423933
1960,"UT",0.349965752706434
1960,"VA",0.921487538755917
1960,"VT",0.170680217215722
1960,"WA",1.37759827874961
1960,"WI",1.97102042114023
1960,"WV",0.235911367012025
1960,"WY",0.369046667932505
1961,"AL",0.918040573598339
1961,"AR",1.75397121514711
1961,"AZ",0.716768225701975
1961,"CA",5.57341963517019
1961,"CO",1.13750199656403
1961,"CT",0.163241598517565
1961,"DE",0.104049649548836
1961,"FL",0.87854578152838
1961,"GA",1.45522037790757
1961,"IA",3.50251338271954
1961,"ID",1.03223945640542
1961,"IL",3.57240253578991
1961,"IN",2.19091414945068
1961,"KS",2.82105448752551
1961,"KY",1.00381565399933
1961,"LA",0.926771185254216
1961,"MA",0.189969727113911
1961,"MD",0.399990033346049
1961,"ME",0.224267110550756
1961,"MI",1.5255273553582
1961,"MN",3.06346447082175
1961,"MO",2.30896165001263
1961,"MS",1.25445462291999
1961,"MT",1.19496162465944
1961,"NC",2.2310128654433
1961,"ND",1.88371218031217
1961,"NE",2.83973759514285
1961,"NH",0.0660471058975359
1961,"NJ",0.34465857134624
1961,"NM",0.456633531436836
1961,"NV",0.101257440119217
1961,"NY",1.50210728003452
1961,"OH",2.02006685760573
1961,"OK",1.35554477881301
1961,"OR",0.99237672342353
1961,"PA",1.43080375190175
1961,"RI",0.0283278048300855
1961,"SC",0.867964741152795
1961,"SD",1.6256164821605
1961,"TN",1.01261495946444
1961,"TX",6.34698389642316
1961,"UT",0.345230843844212
1961,"VA",0.870234893395692
1961,"VT",0.168003854294828
1961,"WA",1.42701324816639
1961,"WI",1.92404247104998
1961,"WV",0.229707010485663
1961,"WY",0.378130357525736
1962,"AL",0.939337819218322
1962,"AR",1.7904551457905
1962,"AZ",0.756091807950821
1962,"CA",5.5188101828204
1962,"CO",1.14135442328223
1962,"CT",0.167825492322634
1962,"DE",0.105304459235096
1962,"FL",0.96089118763323
1962,"GA",1.46533969845535
1962,"IA",3.51591687488729
1962,"ID",1.0418703069531
1962,"IL",3.65769295756924
1962,"IN",2.16727762135223
1962,"KS",2.91010478276214
1962,"KY",1.01736300259196
1962,"LA",0.94871549329869
1962,"MA",0.193001060677775
1962,"MD",0.411026822153374
1962,"ME",0.223017124444559
1962,"MI",1.51406937803383
1962,"MN",3.09026662055436
1962,"MO",2.18184129459745
1962,"MS",1.26295645228189
1962,"MT",1.22136888063545
1962,"NC",2.23043115455465
1962,"ND",1.91275664710378
1962,"NE",2.8293501276542
1962,"NH",0.0646427621618493
1962,"NJ",0.344486888113379
1962,"NM",0.475792807226963
1962,"NV",0.102985060599745
1962,"NY",1.43166466216357
1962,"OH",2.02529161089469
1962,"OK",1.3754254888723
1962,"OR",0.990701440908802
1962,"PA",1.360283905721
1962,"RI",0.0252329784989797
1962,"SC",0.88862335484153
1962,"SD",1.63919179201437
1962,"TN",1.00528851033218
1962,"TX",6.38047844802439
1962,"UT",0.337864807629308
1962,"VA",0.914342658347908
1962,"VT",0.168061048679604
1962,"WA",1.40742788911434
1962,"WI",1.91731528674973
1962,"WV",0.229759748723453
1962,"WY",0.375116315426322
1963,"AL",0.970191012100642
1963,"AR",1.86981422820229
1963,"AZ",0.786798606286494
1963,"CA",5.52964174684024
1963,"CO",1.18311194334273
1963,"CT",0.180751474254816
1963,"DE",0.11212523563324
1963,"FL",1.00650777972897
1963,"GA",1.51861921265173
1963,"IA",3.51492483737179
1963,"ID",1.0502148581846
1963,"IL",3.73157521868133
1963,"IN",2.1690415861431
1963,"KS",3.00156163070609
1963,"KY",1.04678758557112
1963,"LA",1.00045385508969
1963,"MA",0.191889366857005
1963,"MD",0.420178166982229
1963,"ME",0.23083630348559
1963,"MI",1.52209899121426
1963,"MN",3.04540169428421
1963,"MO",2.21315559907925
1963,"MS",1.30309704298926
1963,"MT",1.2336082888373
1963,"NC",2.37444618436486
1963,"ND",1.90226789977319
1963,"NE",2.8664845216883
1963,"NH",0.0626589217448326
1963,"NJ",0.332153013707291
1963,"NM",0.500245704533433
1963,"NV",0.10626410149572
1963,"NY",1.46497017075826
1963,"OH",2.10293232721649
1963,"OK",1.39749449407768
1963,"OR",0.988403512190516
1963,"PA",1.37652045361442
1963,"RI",0.025715583181897
1963,"SC",0.899305116769824
1963,"SD",1.711349728878
1963,"TN",1.03995877876304
1963,"TX",6.62269541159046
1963,"UT",0.345901493514522
1963,"VA",0.924862912179092
1963,"VT",0.17000287781225
1963,"WA",1.42578889644603
1963,"WI",1.97792859154186
1963,"WV",0.243758343923048
1963,"WY",0.379000059335705
1964,"AL",1.00509104424556
1964,"AR",1.9101951124366
1964,"AZ",0.826301815190258
1964,"CA",5.52221978238964
1964,"CO",1.21811057883241
1964,"CT",0.188930954204873
1964,"DE",0.124589064776512
1964,"FL",1.03933244418184
1964,"GA",1.56892234787573
1964,"IA",3.65619257162924
1964,"ID",1.06360868789876
1964,"IL",3.88001282381814
1964,"IN",2.1860478662735
1964,"KS",3.08195181876139
1964,"KY",1.03857277278154
1964,"LA",1.04429723164393
1964,"MA",0.191401227599761
1964,"MD",0.435520551136202
1964,"ME",0.227430818653403
1964,"MI",1.52091773720951
1964,"MN",3.08091655899921
1964,"MO",2.3894125639313
1964,"MS",1.33062033464279
1964,"MT",1.23378473474307
1964,"NC",2.50782769659607
1964,"ND",1.90070267201995
1964,"NE",2.96192235576589
1964,"NH",0.0613673874168419
1964,"NJ",0.31040611538149
1964,"NM",0.53820728750071
1964,"NV",0.106896583508915
1964,"NY",1.39973373100322
1964,"OH",2.08175356219316
1964,"OK",1.46903557287505
1964,"OR",0.987265047224737
1964,"PA",1.34923817546551
1964,"RI",0.0257907604674927
1964,"SC",0.932160315734282
1964,"SD",1.7953641727938
1964,"TN",1.05926921984679
1964,"TX",6.93768322992236
1964,"UT",0.344634928662876
1964,"VA",0.971384967083156
1964,"VT",0.167046705026432
1964,"WA",1.44654840295512
1964,"WI",1.99290049891848
1964,"WV",0.230940473710961
1964,"WY",0.403920503240465
1965,"AL",1.03079130545348
1965,"AR",1.91404629365943
1965,"AZ",0.805510003474074
1965,"CA",5.4391316001963
1965,"CO",1.25818763427109
1965,"CT",0.182515721837906
1965,"DE",0.127557329632327
1965,"FL",1.07207577171388
1965,"GA",1.60433551083571
1965,"IA",3.78926226446147
1965,"ID",1.06244287542648
1965,"IL",3.8791503437014
1965,"IN",2.23806697111573
1965,"KS",3.1574905398291
1965,"KY",1.09138174599431
1965,"LA",1.09450415710633
1965,"MA",0.183349809067632
1965,"MD",0.431156641375423
1965,"ME",0.223123410148501
1965,"MI",1.54801826132356
1965,"MN",3.17032267718687
1965,"MO",2.38128712719171
1965,"MS",1.37813854576355
1965,"MT",1.2406905456
1965,"NC",2.55852973286409
1965,"ND",1.92357146015116
1965,"NE",3.06579134998753
1965,"NH",0.0598592441332942
1965,"NJ",0.305771101417553
1965,"NM",0.547202078399996
1965,"NV",0.109522828028132
1965,"NY",1.38608692257966
1965,"OH",2.15391575751665
1965,"OK",1.52346379749847
1965,"OR",0.972865621276859
1965,"PA",1.27355022122169
1965,"RI",0.0285378342437837
1965,"SC",0.929569567459603
1965,"SD",1.78054642618558
1965,"TN",1.18069500292504
1965,"TX",7.08550221498284
1965,"UT",0.35427804701031
1965,"VA",1.01746632360826
1965,"VT",0.162034406774533
1965,"WA",1.44796015029487
1965,"WI",2.01816503062079
1965,"WV",0.311523848840059
1965,"WY",0.400513010688546
1966,"AL",1.0429344194724
1966,"AR",1.94803596739724
1966,"AZ",0.771023841457705
1966,"CA",5.41523200281521
1966,"CO",1.22444605285373
1966,"CT",0.174525695863333
1966,"DE",0.12671096964981
1966,"FL",1.10279091090163
1966,"GA",1.67683299272636
1966,"IA",3.78563092536923
1966,"ID",1.09647631036404
1966,"IL",4.08101201850351
1966,"IN",2.43088627121952
1966,"KS",3.14599062303693
1966,"KY",1.14683499356375
1966,"LA",1.19140891151972
1966,"MA",0.178288979807768
1966,"MD",0.431567678439075
1966,"ME",0.215164803043821
1966,"MI",1.57021765463795
1966,"MN",3.18865634831881
1966,"MO",2.47528641667654
1966,"MS",1.37880358911102
1966,"MT",1.30515255536969
1966,"NC",2.55117755884154
1966,"ND",1.97044764555661
1966,"NE",3.04638268797468
1966,"NH",0.0579692948201711
1966,"NJ",0.311687796738562
1966,"NM",0.549231312786876
1966,"NV",0.111996233119662
1966,"NY",1.40361531949342
1966,"OH",2.09929612446623
1966,"OK",1.55663794261084
1966,"OR",0.993481261117811
1966,"PA",1.30998848340105
1966,"RI",0.0274399716244763
1966,"SC",0.956641594324965
1966,"SD",1.8516286274546
1966,"TN",1.2621870073755
1966,"TX",7.15141132952246
1966,"UT",0.361445731996893
1966,"VA",1.05365079612676
1966,"VT",0.161838264010954
1966,"WA",1.4965079337727
1966,"WI",2.04434786696751
1966,"WV",0.23544699765117
1966,"WY",0.427730914610079
1967,"AL",1.07818324918428
1967,"AR",1.93460227178786
1967,"AZ",0.727001603936518
1967,"CA",5.06511644611999
1967,"CO",1.23194997756129
1967,"CT",0.165527431607769
1967,"DE",0.125351015417809
1967,"FL",1.11991853256092
1967,"GA",1.69628674235097
1967,"IA",3.81165416703281
1967,"ID",1.13140258284602
1967,"IL",4.08632837495865
1967,"IN",2.42390057484243
1967,"KS",3.15387855825292
1967,"KY",1.20995437427976
1967,"LA",1.22710211373435
1967,"MA",0.169819370500253
1967,"MD",0.418933458427203
1967,"ME",0.21549888561161
1967,"MI",1.54547840774606
1967,"MN",3.26085986166959
1967,"MO",2.49695146490257
1967,"MS",1.37559296334575
1967,"MT",1.31582108845314
1967,"NC",2.59429739840241
1967,"ND",2.02704454349505
1967,"NE",3.09777205078986
1967,"NH",0.0586844008603535
1967,"NJ",0.295490913713517
1967,"NM",0.547903644878095
1967,"NV",0.116435268818327
1967,"NY",1.36925388279559
1967,"OH",2.22655447962581
1967,"OK",1.57475790005858
1967,"OR",0.9969427093499
1967,"PA",1.2828934103159
1967,"RI",0.0249939348426637
1967,"SC",0.969460513596576
1967,"SD",1.89120650867929
1967,"TN",1.27251573430496
1967,"TX",7.20146948989085
1967,"UT",0.362713949703431
1967,"VA",1.07052494012044
1967,"VT",0.159975089721905
1967,"WA",1.47540322183584
1967,"WI",1.98950305175762
1967,"WV",0.241865198257848
1967,"WY",0.422094245747907
1968,"AL",1.10481842116246
1968,"AR",1.98430191706339
1968,"AZ",0.737476760094926
1968,"CA",4.90543826753993
1968,"CO",1.2319205404024
1968,"CT",0.159518051598883
1968,"DE",0.12863738499883
1968,"FL",1.14374510269054
1968,"GA",1.71306541035061
1968,"IA",3.95095445706473
1968,"ID",1.13911978742946
1968,"IL",4.04494744218894
1968,"IN",2.50967941911888
1968,"KS",3.2177379048388
1968,"KY",1.2245678351688
1968,"LA",1.30714542051045
1968,"MA",0.166606197935596
1968,"MD",0.411388855417778
1968,"ME",0.215388476861535
1968,"MI",1.49358220000383
1968,"MN",3.21407545330957
1968,"MO",2.5219384660935
1968,"MS",1.39332871124697
1968,"MT",1.2802056033552
1968,"NC",2.66875568859927
1968,"ND",2.01149541722473
1968,"NE",3.16539986882871
1968,"NH",0.0596150856798986
1968,"NJ",0.282944091668251
1968,"NM",0.538303550483712
1968,"NV",0.118620332832495
1968,"NY",1.30594472091426
1968,"OH",2.19868937376884
1968,"OK",1.66984111756459
1968,"OR",1.00605544542034
1968,"PA",1.2698348907193
1968,"RI",0.0234305578588637
1968,"SC",0.971718494759477
1968,"SD",1.84788184919832
1968,"TN",1.28597459403161
1968,"TX",7.17534438740233
1968,"UT",0.365112446728368
1968,"VA",1.08202726599194
1968,"VT",0.157637068343755
1968,"WA",1.46135668581585
1968,"WI",2.01717904234471
1968,"WV",0.227639052735358
1968,"WY",0.426016397144212
1969,"AL",1.1410529618448
1969,"AR",1.99854085243986
1969,"AZ",0.693731963724741
1969,"CA",5.28444676637663
1969,"CO",1.26291495442223
1969,"CT",0.153877766640854
1969,"DE",0.132478418718367
1969,"FL",1.24364414181617
1969,"GA",1.75789889844269
1969,"IA",4.13366311246313
1969,"ID",1.13452054818534
1969,"IL",4.19174248215101
1969,"IN",2.44519633192101
1969,"KS",3.16823165036741
1969,"KY",1.2886556227482
1969,"LA",1.33468716778803
1969,"MA",0.161615520744233
1969,"MD",0.413466973546447
1969,"ME",0.209612647090072
1969,"MI",1.4958851574142
1969,"MN",3.25636339989443
1969,"MO",2.63308310065139
1969,"MS",1.39162618828358
1969,"MT",1.28549412932872
1969,"NC",2.5962676960565
1969,"ND",2.08546106383827
1969,"NE",3.22908535513912
1969,"NH",0.0586658044579347
1969,"NJ",0.272261909405438
1969,"NM",0.563059542700972
1969,"NV",0.126499144911853
1969,"NY",1.26063710866519
1969,"OH",2.21637865113458
1969,"OK",1.73634725869398
1969,"OR",1.00973879956566
1969,"PA",1.25942240806486
1969,"RI",0.0226013241555852
1969,"SC",0.865829257216827
1969,"SD",1.88788056768828
1969,"TN",1.33961373265024
1969,"TX",7.29675884789881
1969,"UT",0.356118650206294
1969,"VA",1.09631776702437
1969,"VT",0.153978814679452
1969,"WA",1.52347953958229
1969,"WI",2.03979331760592
1969,"WV",0.227089385460376
1969,"WY",0.423334516028407
1970,"AL",1.13036285032087
1970,"AR",2.12060361882487
1970,"AZ",0.704818793823369
1970,"CA",5.26846515312123
1970,"CO",1.26398327619322
1970,"CT",0.149831106232359
1970,"DE",0.13598110439106
1970,"FL",1.21400437326054
1970,"GA",1.75547609684971
1970,"IA",4.02443472493697
1970,"ID",1.1369996298244
1970,"IL",3.93295402328894
1970,"IN",2.36267352642092
1970,"KS",3.08728584705274
1970,"KY",1.32298044565346
1970,"LA",1.35406576529113
1970,"MA",0.159612792590786
1970,"MD",0.420863113509039
1970,"ME",0.200395123409365
1970,"MI",1.56971395088965
1970,"MN",3.13900996810551
1970,"MO",2.59086126215046
1970,"MS",1.31952683491032
1970,"MT",1.29496413337854
1970,"NC",2.54137895332248
1970,"ND",1.93075850415834
1970,"NE",3.09805807879133
1970,"NH",0.0585512655648052
1970,"NJ",0.278098429036892
1970,"NM",0.5630342214667
1970,"NV",0.121538478507093
1970,"NY",1.23595245204058
1970,"OH",2.31576850494744
1970,"OK",1.75469863265469
1970,"OR",1.04233743895912
1970,"PA",1.27297812513553
1970,"RI",0.0219246556938034
1970,"SC",0.985635305509912
1970,"SD",1.75972033425146
1970,"TN",1.38730805380793
1970,"TX",7.43475029294082
1970,"UT",0.36760503495959
1970,"VA",1.1181936465881
1970,"VT",0.150984607049496
1970,"WA",1.53633161466147
1970,"WI",1.99778925510314
1970,"WV",0.228691676347041
1970,"WY",0.429005857144426
1971,"AL",1.1055817659146
1971,"AR",2.0537160376662
1971,"AZ",0.723318348408629
1971,"CA",5.41555564225575
1971,"CO",1.23312523772246
1971,"CT",0.145419295576912
1971,"DE",0.129031648843131
1971,"FL",1.19119393044901
1971,"GA",1.65639196341058
1971,"IA",4.03681918182404
1971,"ID",1.13781863177215
1971,"IL",3.85602326693627
1971,"IN",2.40467216936361
1971,"KS",2.99220289592306
1971,"KY",1.27394080130143
1971,"LA",1.3101657284989
1971,"MA",0.152088507948793
1971,"MD",0.412213008866854
1971,"ME",0.201408484080219
1971,"MI",1.48942722598826
1971,"MN",3.21016005760748
1971,"MO",2.56784150730369
1971,"MS",1.38101743595123
1971,"MT",1.25813517314954
1971,"NC",2.50040892752246
1971,"ND",1.96328094738463
1971,"NE",3.09826161151668
1971,"NH",0.0571264132873786
1971,"NJ",0.273051678179681
1971,"NM",0.564213448875636
1971,"NV",0.11910888018245
1971,"NY",1.28034634200766
1971,"OH",2.17819000802627
1971,"OK",1.72858707307226
1971,"OR",1.06120966239542
1971,"PA",1.21042203126014
1971,"RI",0.0203216126468025
1971,"SC",0.943676721577262
1971,"SD",1.83006123940654
1971,"TN",1.37094331539008
1971,"TX",7.14381312055986
1971,"UT",0.364048284538016
1971,"VA",1.10867221731073
1971,"VT",0.157115983724336
1971,"WA",1.52899720416013
1971,"WI",2.03164106997432
1971,"WV",0.205342539476359
1971,"WY",0.411861888798997
1972,"AL",1.07815420644172
1972,"AR",2.03222122084635
1972,"AZ",0.731121613869548
1972,"CA",5.68729116460001
1972,"CO",1.24188148187571
1972,"CT",0.143245598147781
1972,"DE",0.12717900166689
1972,"FL",1.15401756282042
1972,"GA",1.63066827553978
1972,"IA",3.97227486093451
1972,"ID",1.09680526686326
1972,"IL",3.75789905232986
1972,"IN",2.35732411801674
1972,"KS",2.92382645581218
1972,"KY",1.2394066848704
1972,"LA",1.29603253800294
1972,"MA",0.147535538753441
1972,"MD",0.401225412949429
1972,"ME",0.196979044279601
1972,"MI",1.49378066802285
1972,"MN",3.11705782143568
1972,"MO",2.48448108701404
1972,"MS",1.42290729684962
1972,"MT",1.23730651460518
1972,"NC",2.46814408139761
1972,"ND",1.88776915524227
1972,"NE",3.05660208255297
1972,"NH",0.0558440603084823
1972,"NJ",0.270307827923136
1972,"NM",0.543100091218335
1972,"NV",0.117080629293011
1972,"NY",1.26113336811492
1972,"OH",2.19104192064282
1972,"OK",1.70795171959352
1972,"OR",1.06266870915662
1972,"PA",1.20535645446023
1972,"RI",0.0207314340363668
1972,"SC",0.907716842190312
1972,"SD",1.78002466703278
1972,"TN",1.3671969776195
1972,"TX",7.07356556005457
1972,"UT",0.361544321196439
1972,"VA",1.07093549312029
1972,"VT",0.149976497430405
1972,"WA",1.53726238196504
1972,"WI",2.01923959279086
1972,"WV",0.208521254617019
1972,"WY",0.406883302452807
1973,"AL",1.09263328033847
1973,"AR",2.01201087516348
1973,"AZ",0.75212754740189
1973,"CA",6.02636281132842
1973,"CO",1.26161470848962
1973,"CT",0.153106258351307
1973,"DE",0.132555307632741
1973,"FL",1.16765067051609
1973,"GA",1.65129054127813
1973,"IA",4.00161279647723
1973,"ID",1.12033994281582
1973,"IL",3.91828215388134
1973,"IN",2.40424942242492
1973,"KS",2.82256962814579
1973,"KY",1.25040814619591
1973,"LA",1.2878172940257
1973,"MA",0.155058942588047
1973,"MD",0.402174446499555
1973,"ME",0.207698919932793
1973,"MI",1.45542133303589
1973,"MN",3.1679880293385
1973,"MO",2.38871671352938
1973,"MS",1.36111833318465
1973,"MT",1.27455339529237
1973,"NC",2.45220015715825
1973,"ND",1.93546617988325
1973,"NE",2.95029056036606
1973,"NH",0.0606986043251004
1973,"NJ",0.2798901836158
1973,"NM",0.544907329103031
1973,"NV",0.125999682811838
1973,"NY",1.30607969549492
1973,"OH",2.24451648350242
1973,"OK",1.68022828744733
1973,"OR",1.1008720013957
1973,"PA",1.24854076133481
1973,"RI",0.0215505470130568
1973,"SC",0.887304633246536
1973,"SD",1.75329176746212
1973,"TN",1.37613005919504
1973,"TX",7.07729154868811
1973,"UT",0.362978908424103
1973,"VA",1.0910745095766
1973,"VT",0.157659900522259
1973,"WA",1.54801707085379
1973,"WI",2.09416497023123
1973,"WV",0.222909713339247
1973,"WY",0.417955441660523
1974,"AL",1.12694410015376
1974,"AR",1.90868940466145
1974,"AZ",0.685693874112576
1974,"CA",5.37167190911177
1974,"CO",1.26201685035153
1974,"CT",0.152003607976546
1974,"DE",0.128028617777137
1974,"FL",1.22277219306898
1974,"GA",1.67775115665648
1974,"IA",4.19142959082014
1974,"ID",1.1291880891022
1974,"IL",4.01809373910235
1974,"IN",2.39921671703568
1974,"KS",2.89699731152669
1974,"KY",1.36802104149964
1974,"LA",1.22107304180674
1974,"MA",0.156949390854677
1974,"MD",0.404917991771768
1974,"ME",0.211882716317819
1974,"MI",1.46392510251616
1974,"MN",3.24444944922054
1974,"MO",2.53700934482195
1974,"MS",1.44947878182789
1974,"MT",1.27416742360371
1974,"NC",2.45146632505685
1974,"ND",1.98439143790863
1974,"NE",2.8716634373553
1974,"NH",0.0603036016119846
1974,"NJ",0.2571643888721
1974,"NM",0.547383706704658
1974,"NV",0.130393630731324
1974,"NY",1.33319897260606
1974,"OH",2.23531126568167
1974,"OK",1.6334187315151
1974,"OR",1.08529533858024
1974,"PA",1.30639377695749
1974,"RI",0.0215981978745026
1974,"SC",0.890730260892931
1974,"SD",1.84921664780256
1974,"TN",1.38835510457825
1974,"TX",6.7262860957784
1974,"UT",0.360256212381953
1974,"VA",1.07404560925555
1974,"VT",0.166473378996584
1974,"WA",1.49736658390864
1974,"WI",2.23942936907619
1974,"WV",0.244925419133571
1974,"WY",0.434864178347136
1975,"AL",1.07494513870149
1975,"AR",2.03441656315703
1975,"AZ",0.879459573383142
1975,"CA",6.34641388316024
1975,"CO",1.57715863588397
1975,"CT",0.16091952626616
1975,"DE",0.124281318229289
1975,"FL",1.27851276543371
1975,"GA",1.67832567065183
1975,"IA",5.06705699244779
1975,"ID",1.47074478831625
1975,"IL",4.52048893001358
1975,"IN",2.84991303597292
1975,"KS",3.66630796238279
1975,"KY",1.34599821268289
1975,"LA",1.24584673140746
1975,"MA",0.202754736527439
1975,"MD",0.460549805360037
1975,"ME",0.224265144935204
1975,"MI",1.70445557678346
1975,"MN",3.74576010487481
1975,"MO",2.74200125229255
1975,"MS",1.38497795479383
1975,"MT",1.45015277530162
1975,"NC",2.34401691070036
1975,"ND",2.41681027842453
1975,"NE",3.97313364990842
1975,"NH",0.0658461492762909
1975,"NJ",0.280140542689314
1975,"NM",0.647929992414382
1975,"NV",0.166606703007322
1975,"NY",1.48268250251298
1975,"OH",2.400220424336
1975,"OK",1.74607377707066
1975,"OR",1.22787259800155
1975,"PA",1.51899824404357
1975,"RI",0.0217368700695658
1975,"SC",0.818190117838952
1975,"SD",2.06219526335634
1975,"TN",1.26511667705234
1975,"TX",7.08367626672354
1975,"UT",0.404566412905155
1975,"VA",1.11100525999576
1975,"VT",0.183366454711158
1975,"WA",1.74158361036356
1975,"WI",2.70790026550221
1975,"WV",0.217119890225611
1975,"WY",0.482487972350425
1976,"AL",1.20354450905369
1976,"AR",2.28888851773271
1976,"AZ",1.15436513652907
1976,"CA",7.88841482157595
1976,"CO",1.85049079152891
1976,"CT",0.180896177506105
1976,"DE",0.139318198792623
1976,"FL",1.51761023554798
1976,"GA",1.9311615089303
1976,"IA",5.71882283356459
1976,"ID",1.74516369960066
1976,"IL",5.01909604812266
1976,"IN",3.24697958443264
1976,"KS",4.04940422557057
1976,"KY",1.56659023220877
1976,"LA",1.3744478429358
1976,"MA",0.231707441490012
1976,"MD",0.536900265954622
1976,"ME",0.273631910919914
1976,"MI",1.94522393883639
1976,"MN",4.15582526228605
1976,"MO",3.06229934862492
1976,"MS",1.4515193656648
1976,"MT",1.60278713943659
1976,"NC",2.69659900550599
1976,"ND",2.5825870406084
1976,"NE",4.39825042858621
1976,"NH",0.0803174381979092
1976,"NJ",0.328752338763074
1976,"NM",0.743982986275322
1976,"NV",0.220932514963368
1976,"NY",1.77128202998001
1976,"OH",2.72102329023636
1976,"OK",1.95686013616076
1976,"OR",1.40013870556807
1976,"PA",1.8630998453117
1976,"RI",0.0266506333617629
1976,"SC",0.905813194147877
1976,"SD",2.25014828724043
1976,"TN",1.41054536696782
1976,"TX",7.98752048097525
1976,"UT",0.475624119127361
1976,"VA",1.29969680109091
1976,"VT",0.220336616032455
1976,"WA",2.00917417548682
1976,"WI",3.21118853354947
1976,"WV",0.23152835408398
1976,"WY",0.53998428586364
1977,"AL",1.19179725886172
1977,"AR",2.2272224512702
1977,"AZ",1.24342868829618
1977,"CA",7.90680027342856
1977,"CO",1.94566245377177
1977,"CT",0.189508774635517
1977,"DE",0.146456119882009
1977,"FL",1.63037148564285
1977,"GA",1.98309768037735
1977,"IA",5.75014289895986
1977,"ID",1.95780165463438
1977,"IL",4.89036159286569
1977,"IN",3.0987834490894
1977,"KS",4.0234687848247
1977,"KY",1.60133229969941
1977,"LA",1.3474390017512
1977,"MA",0.234863305226426
1977,"MD",0.566313485245768
1977,"ME",0.292519018974737
1977,"MI",1.99140461499335
1977,"MN",4.26775665946404
1977,"MO",3.09823132165091
1977,"MS",1.41196994484272
1977,"MT",1.61348876019009
1977,"NC",2.70449814313975
1977,"ND",2.52741808104593
1977,"NE",4.60396139744611
1977,"NH",0.0894457378906848
1977,"NJ",0.351195707537667
1977,"NM",0.752856877553083
1977,"NV",0.258513747642421
1977,"NY",1.81591335052505
1977,"OH",2.72040335006987
1977,"OK",1.88797074542722
1977,"OR",1.46881330164079
1977,"PA",1.93371899224306
1977,"RI",0.0267037717210975
1977,"SC",0.900445665435708
1977,"SD",2.18524327352959
1977,"TN",1.43141910733871
1977,"TX",8.15877936878999
1977,"UT",0.532781416540135
1977,"VA",1.29202961945712
1977,"VT",0.247324586137817
1977,"WA",2.13067090595258
1977,"WI",3.40057449855927
1977,"WV",0.215988630044376
1977,"WY",0.540854562054623
1978,"AL",1.28186230880493
1978,"AR",2.37191023045616
1978,"AZ",1.40314261995996
1978,"CA",8.26613473831129
1978,"CO",2.04278640204028
1978,"CT",0.189446236415743
1978,"DE",0.153240175975933
1978,"FL",1.68040141633321
1978,"GA",2.05807118142341
1978,"IA",6.09463736761414
1978,"ID",2.27788078493653
1978,"IL",4.94045864302693
1978,"IN",3.24650058468381
1978,"KS",4.14923979903804
1978,"KY",1.68666220810314
1978,"LA",1.37237440643811
1978,"MA",0.235162675275869
1978,"MD",0.581308023627467
1978,"ME",0.316924508552454
1978,"MI",2.07022450550045
1978,"MN",4.51109201330292
1978,"MO",3.11774444568226
1978,"MS",1.45271826561253
1978,"MT",1.62190087194211
1978,"NC",2.84812099911774
1978,"ND",2.48117572626892
1978,"NE",4.90963050722642
1978,"NH",0.0933579656810557
1978,"NJ",0.359835402746286
1978,"NM",0.784861709213355
1978,"NV",0.282936508617748
1978,"NY",2.00479716493864
1978,"OH",2.78958064197164
1978,"OK",1.93330191505147
1978,"OR",1.52126434231014
1978,"PA",2.15041866359731
1978,"RI",0.0277977750477497
1978,"SC",0.904751226683414
1978,"SD",2.23928475882643
1978,"TN",1.365697068901
1978,"TX",8.7711842685052
1978,"UT",0.575533467037788
1978,"VA",1.32403024542415
1978,"VT",0.273968162563578
1978,"WA",2.27873248850791
1978,"WI",3.76342323555019
1978,"WV",0.230861365616402
1978,"WY",0.540309208319098
1979,"AL",1.17996712234866
1979,"AR",2.22682742594396
1979,"AZ",1.21263143393932
1979,"CA",7.65876025564167
1979,"CO",1.93042511440689
1979,"CT",0.179525654416204
1979,"DE",0.147523803902627
1979,"FL",1.54460928920941
1979,"GA",1.91151066306077
1979,"IA",6.00285720106359
1979,"ID",2.12396352251285
1979,"IL",4.65972084981533
1979,"IN",3.10004966615918
1979,"KS",3.85239115153691
1979,"KY",1.5751348045539
1979,"LA",1.22592103887103
1979,"MA",0.213774406501622
1979,"MD",0.567894158092821
1979,"ME",0.282624886372635
1979,"MI",1.96703458134771
1979,"MN",4.46332708129913
1979,"MO",2.87963998428769
1979,"MS",1.37516497568528
1979,"MT",1.55187742501688
1979,"NC",2.78279925339944
1979,"ND",2.4414619501324
1979,"NE",4.65486004747443
1979,"NH",0.0856713605650481
1979,"NJ",0.330316585690468
1979,"NM",0.740396502793805
1979,"NV",0.259259517270554
1979,"NY",1.8713306050889
1979,"OH",2.61461973311537
1979,"OK",1.72229604269006
1979,"OR",1.45274713923756
1979,"PA",1.96633871434554
1979,"RI",0.0257358560294164
1979,"SC",0.905939746008784
1979,"SD",2.34058045824212
1979,"TN",1.26956963688511
1979,"TX",7.68638374442405
1979,"UT",0.508961929641267
1979,"VA",1.22746241019569
1979,"VT",0.251632433233746
1979,"WA",2.191277997778
1979,"WI",3.54328704476601
1979,"WV",0.217911623789041
1979,"WY",0.520782465668254
1980,"AL",1.09846384114896
1980,"AR",2.10390393682687
1980,"AZ",1.06246935939657
1980,"CA",6.71461267942783
1980,"CO",1.73838623069918
1980,"CT",0.167688489860927
1980,"DE",0.138595869095209
1980,"FL",1.46731766594161
1980,"GA",1.82053192978705
1980,"IA",5.90936627145112
1980,"ID",1.85652633260913
1980,"IL",4.65653053166743
1980,"IN",3.02683107678541
1980,"KS",3.861146268897
1980,"KY",1.53074736054496
1980,"LA",1.17741233312661
1980,"MA",0.195448398508923
1980,"MD",0.546094182464557
1980,"ME",0.246959687890878
1980,"MI",1.95502809191289
1980,"MN",4.47553102925155
1980,"MO",2.85787287102607
1980,"MS",1.33381200881526
1980,"MT",1.52703634373704
1980,"NC",2.76902446553193
1980,"ND",2.46845030453785
1980,"NE",4.52116759989029
1980,"NH",0.0788494694772305
1980,"NJ",0.299575842743781
1980,"NM",0.681743041246792
1980,"NV",0.231674615984073
1980,"NY",1.8668809560872
1980,"OH",2.57411296978091
1980,"OK",1.74677050051294
1980,"OR",1.32220057731195
1980,"PA",1.92914420365243
1980,"RI",0.0228014806430336
1980,"SC",0.78688878456136
1980,"SD",2.20651083208828
1980,"TN",1.20668297045827
1980,"TX",7.47182630195228
1980,"UT",0.449930246349314
1980,"VA",1.1584199037869
1980,"VT",0.240612934934935
1980,"WA",2.08168890125059
1980,"WI",3.44697722982207
1980,"WV",0.216731543097988
1980,"WY",0.497986167627367
1981,"AL",1.01012066127551
1981,"AR",1.95129718902306
1981,"AZ",0.92208776713691
1981,"CA",6.50200246634878
1981,"CO",1.6603675422349
1981,"CT",0.157498003340352
1981,"DE",0.136095552841461
1981,"FL",1.34681821058825
1981,"GA",1.72517263599943
1981,"IA",5.80175402919578
1981,"ID",1.85954071031013
1981,"IL",4.55647895342037
1981,"IN",2.91900012784944
1981,"KS",3.77724971678024
1981,"KY",1.42634953131054
1981,"LA",1.07026335398643
1981,"MA",0.17734773657955
1981,"MD",0.52002825552819
1981,"ME",0.223178226058305
1981,"MI",1.93215646311479
1981,"MN",4.53029249674831
1981,"MO",2.74009207371684
1981,"MS",1.24827959783619
1981,"MT",1.50128748871318
1981,"NC",2.51827303645776
1981,"ND",2.44319510115425
1981,"NE",4.390835306606
1981,"NH",0.0722782923458269
1981,"NJ",0.276330281446826
1981,"NM",0.627300248571738
1981,"NV",0.228477458454974
1981,"NY",1.48122702284889
1981,"OH",2.41281896979499
1981,"OK",1.68501671469672
1981,"OR",1.27918528413899
1981,"PA",1.74921793524774
1981,"RI",0.0200183296593115
1981,"SC",0.725775614618461
1981,"SD",2.18313400431104
1981,"TN",1.14907634603759
1981,"TX",6.86728444807807
1981,"UT",0.438158731045187
1981,"VA",1.06106188845705
1981,"VT",0.220098482021888
1981,"WA",1.93886750312167
1981,"WI",3.32303585167778
1981,"WV",0.200907824121462
1981,"WY",0.498015169777456
1982,"AL",0.92995661678995
1982,"AR",1.83937598480553
1982,"AZ",0.855362845383354
1982,"CA",5.61571744393757
1982,"CO",1.49047582169199
1982,"CT",0.140866847169854
1982,"DE",0.134691032954601
1982,"FL",1.33934370752886
1982,"GA",1.62119134610627
1982,"IA",5.64910120265749
1982,"ID",1.729932841742
1982,"IL",4.3632659048763
1982,"IN",2.79280077590538
1982,"KS",3.52443508210964
1982,"KY",1.36223620347775
1982,"LA",1.04838566375665
1982,"MA",0.15864631498293
1982,"MD",0.503231490567706
1982,"ME",0.194620521857392
1982,"MI",1.85528736952865
1982,"MN",4.35676175186974
1982,"MO",2.58754819900166
1982,"MS",1.17496191721849
1982,"MT",1.45853077480101
1982,"NC",2.28392029484507
1982,"ND",2.45376618172108
1982,"NE",4.16818451118314
1982,"NH",0.0643164793906685
1982,"NJ",0.264362399784844
1982,"NM",0.53802792019084
1982,"NV",0.178103191684323
1982,"NY",1.46547231165611
1982,"OH",2.21295552898366
1982,"OK",1.55631552132005
1982,"OR",1.22199603592881
1982,"PA",1.61608927818801
1982,"RI",0.0173339419405473
1982,"SC",0.676141052035867
1982,"SD",2.14945029249074
1982,"TN",1.10987915928957
1982,"TX",6.04346970247499
1982,"UT",0.407980561791935
1982,"VA",0.997355899724541
1982,"VT",0.196626861059485
1982,"WA",1.82873677263887
1982,"WI",3.04230453152836
1982,"WV",0.168741676730029
1982,"WY",0.485367054925992
1983,"AL",0.927461127048338
1983,"AR",1.80645533837252
1983,"AZ",0.829076011239554
1983,"CA",5.69704133702667
1983,"CO",1.47134197151519
1983,"CT",0.138791385358756
1983,"DE",0.129815124745081
1983,"FL",1.3419478527203
1983,"GA",1.57890136847733
1983,"IA",5.43719523241569
1983,"ID",1.61843110574291
1983,"IL",4.13828768802442
1983,"IN",2.66708423261796
1983,"KS",3.48240453786809
1983,"KY",1.3275326237742
1983,"LA",1.05986120497453
1983,"MA",0.155898512821889
1983,"MD",0.483061575305726
1983,"ME",0.1910625781685
1983,"MI",1.7873357107559
1983,"MN",4.19319188908741
1983,"MO",2.53860432601772
1983,"MS",1.1969471349982
1983,"MT",1.46597236064539
1983,"NC",2.16368848085576
1983,"ND",2.42638766868623
1983,"NE",4.12623366367673
1983,"NH",0.0621414235564359
1983,"NJ",0.257867958250611
1983,"NM",0.527722278088341
1983,"NV",0.188616923083697
1983,"NY",1.49980009134571
1983,"OH",2.1579800002308
1983,"OK",1.54089216106533
1983,"OR",1.18288488672294
1983,"PA",1.60441279838309
1983,"RI",0.0172910228170596
1983,"SC",0.646635197877325
1983,"SD",2.10991734921896
1983,"TN",1.09973116748558
1983,"TX",5.94551138210809
1983,"UT",0.391527849383929
1983,"VA",0.959930511073018
1983,"VT",0.188124575289888
1983,"WA",1.69267078619465
1983,"WI",3.00140517071906
1983,"WV",0.162649516592746
1983,"WY",0.477692191654701
1984,"AL",0.97775925858119
1984,"AR",1.89291789794528
1984,"AZ",0.812218090307465
1984,"CA",5.84146826338207
1984,"CO",1.49752055281447
1984,"CT",0.14123941606811
1984,"DE",0.128775321974437
1984,"FL",1.42826586365706
1984,"GA",1.58566191685367
1984,"IA",5.36646557251492
1984,"ID",1.64670329109467
1984,"IL",4.21195498257574
1984,"IN",2.679050942417
1984,"KS",3.57439789443995
1984,"KY",1.3387889474424
1984,"LA",1.07269659215002
1984,"MA",0.141683827725964
1984,"MD",0.479108101599456
1984,"ME",0.197086428806917
1984,"MI",1.80463855730812
1984,"MN",4.21856912251779
1984,"MO",2.60077877790208
1984,"MS",1.23044247281923
1984,"MT",1.50208709456448
1984,"NC",2.19511777312143
1984,"ND",2.46909143653673
1984,"NE",4.29595152426262
1984,"NH",0.0630614506670845
1984,"NJ",0.266848498434588
1984,"NM",0.545247253039404
1984,"NV",0.196964262908172
1984,"NY",1.3785547084253
1984,"OH",2.20954927415892
1984,"OK",1.60239544885923
1984,"OR",1.20277460761035
1984,"PA",1.64152642176471
1984,"RI",0.0181575019380864
1984,"SC",0.632677637428487
1984,"SD",2.1680515750827
1984,"TN",1.10927519840293
1984,"TX",6.21793149072798
1984,"UT",0.416129173003513
1984,"VA",0.972513660425355
1984,"VT",0.199702163085009
1984,"WA",1.79109605528188
1984,"WI",3.07161411481277
1984,"WV",0.171229959445233
1984,"WY",0.480717262002024
1985,"AL",0.890500838234927
1985,"AR",1.73026115911328
1985,"AZ",0.683124136037852
1985,"CA",5.14658473405647
1985,"CO",1.35153070241115
1985,"CT",0.126565833006166
1985,"DE",0.116387835238929
1985,"FL",1.32037536863024
1985,"GA",1.40230363219698
1985,"IA",4.66582089603843
1985,"ID",1.50453712979687
1985,"IL",3.68949512521313
1985,"IN",2.36130529141423
1985,"KS",3.28186079304618
1985,"KY",1.21051825387765
1985,"LA",0.930027913471036
1985,"MA",0.153760389441239
1985,"MD",0.437355453057981
1985,"ME",0.174688230306692
1985,"MI",1.62034812750206
1985,"MN",3.79578638757017
1985,"MO",2.38625545911373
1985,"MS",1.0940175295573
1985,"MT",1.36236717096449
1985,"NC",1.95002096577544
1985,"ND",2.22511544137458
1985,"NE",3.91228892747789
1985,"NH",0.0560207144238009
1985,"NJ",0.240809266478375
1985,"NM",0.48404571290221
1985,"NV",0.176384403252479
1985,"NY",1.20099947310217
1985,"OH",1.96389027013851
1985,"OK",1.44290377498341
1985,"OR",1.08751030561252
1985,"PA",1.45296436215048
1985,"RI",0.0163158404019581
1985,"SC",0.577518069830764
1985,"SD",1.95741452610105
1985,"TN",0.987375548992437
1985,"TX",5.56261375115529
1985,"UT",0.378399756953894
1985,"VA",0.891330013808665
1985,"VT",0.190257391991785
1985,"WA",1.57924294366354
1985,"WI",2.79587337741461
1985,"WV",0.161085885677996
1985,"WY",0.441091769157831
1986,"AL",0.940843552537328
1986,"AR",1.87885209745597
1986,"AZ",0.68271428626307
1986,"CA",5.24867562241935
1986,"CO",1.42898905187622
1986,"CT",0.124774652156016
1986,"DE",0.116994880496928
1986,"FL",1.42019590712349
1986,"GA",1.45946806872466
1986,"IA",4.67830611379959
1986,"ID",1.57170230399059
1986,"IL",3.72865262400533
1986,"IN",2.41111333794116
1986,"KS",3.43949870723501
1986,"KY",1.25444717368645
1986,"LA",1.00754551850566
1986,"MA",0.152372676965464
1986,"MD",0.419237067138383
1986,"ME",0.173416363625163
1986,"MI",1.617833932617
1986,"MN",3.71143259786119
1986,"MO",2.48874366760629
1986,"MS",1.13817514609573
1986,"MT",1.41586096565724
1986,"NC",1.90927885915315
1986,"ND",2.35372911419492
1986,"NE",4.14563478225944
1986,"NH",0.0572562187140026
1986,"NJ",0.237989224155148
1986,"NM",0.515529897119444
1986,"NV",0.200359590265385
1986,"NY",1.10823414557439
1986,"OH",1.99067409065401
1986,"OK",1.52031047128714
1986,"OR",1.11896725512427
1986,"PA",1.37516224184643
1986,"RI",0.0162426212097399
1986,"SC",0.56777464155041
1986,"SD",2.05025380951115
1986,"TN",0.992477401187717
1986,"TX",6.0079597367226
1986,"UT",0.391649939138984
1986,"VA",0.871315551735677
1986,"VT",0.180310755317763
1986,"WA",1.66800536092976
1986,"WI",2.74703681310023
1986,"WV",0.164058294752897
1986,"WY",0.458309912600076
1987,"AL",0.920014593503659
1987,"AR",2.02005071496017
1987,"AZ",0.745058175171129
1987,"CA",5.4170642736812
1987,"CO",1.58764134813032
1987,"CT",0.139172731732249
1987,"DE",0.131576076555367
1987,"FL",1.56679678387847
1987,"GA",1.46473621892022
1987,"IA",4.8243460184316
1987,"ID",1.71422824149345
1987,"IL",3.83587999667486
1987,"IN",2.50706892700136
1987,"KS",3.52122390494698
1987,"KY",1.26191704738316
1987,"LA",0.963400772341034
1987,"MA",0.162368886074573
1987,"MD",0.450549038587948
1987,"ME",0.194928851600644
1987,"MI",1.63655201234488
1987,"MN",3.81775150756099
1987,"MO",2.54645437195673
1987,"MS",1.11498297837262
1987,"MT",1.45536259183013
1987,"NC",1.98737470388206
1987,"ND",2.31744984880313
1987,"NE",4.32520697706994
1987,"NH",0.0611290545783805
1987,"NJ",0.268699397526198
1987,"NM",0.563226481170087
1987,"NV",0.22365266832279
1987,"NY",1.26602448280163
1987,"OH",2.0067199468625
1987,"OK",1.58956765043762
1987,"OR",1.13498210878053
1987,"PA",1.56990307797831
1987,"RI",0.018312707339202
1987,"SC",0.567449262860014
1987,"SD",2.09299103072652
1987,"TN",0.966426293457363
1987,"TX",6.08877922614515
1987,"UT",0.427576220175843
1987,"VA",0.909395873296492
1987,"VT",0.195329949085911
1987,"WA",1.73672403378776
1987,"WI",2.98816249048684
1987,"WV",0.173208315866159
1987,"WY",0.490524937201025
1988,"AL",0.959002339306551
1988,"AR",2.06060381801942
1988,"AZ",0.688204658677882
1988,"CA",5.89569457624429
1988,"CO",1.57850140143729
1988,"CT",0.137017418057497
1988,"DE",0.131689278865818
1988,"FL",1.5398480838603
1988,"GA",1.49254142909516
1988,"IA",4.82493651978326
1988,"ID",1.72693817995569
1988,"IL",3.75158234209512
1988,"IN",2.45192442528
1988,"KS",3.46059612679915
1988,"KY",1.24903151702054
1988,"LA",0.962134743772224
1988,"MA",0.159807412539472
1988,"MD",0.448849751888096
1988,"ME",0.189488050663028
1988,"MI",1.647202865657
1988,"MN",3.84327083473705
1988,"MO",2.45351424195963
1988,"MS",1.05158809949147
1988,"MT",1.34227264093881
1988,"NC",1.9960502784098
1988,"ND",2.15398678248798
1988,"NE",4.13979494511555
1988,"NH",0.0725095664483952
1988,"NJ",0.264697935241643
1988,"NM",0.561076787654384
1988,"NV",0.220086800187851
1988,"NY",1.28054503087096
1988,"OH",2.03194388017941
1988,"OK",1.56972305662716
1988,"OR",1.20149847477077
1988,"PA",1.57869563965782
1988,"RI",0.0180508589238038
1988,"SC",0.565678183124109
1988,"SD",2.03327395992007
1988,"TN",0.925374627385026
1988,"TX",6.2519900792378
1988,"UT",0.41009156206987
1988,"VA",0.908418674073162
1988,"VT",0.193823210111491
1988,"WA",1.83306002816174
1988,"WI",2.94744653016395
1988,"WV",0.177011286870896
1988,"WY",0.477780829490734
1989,"AL",0.949322806031046
1989,"AR",2.05048202204073
1989,"AZ",0.684131943166873
1989,"CA",6.33014079986633
1989,"CO",1.5824015766776
1989,"CT",0.132623861370799
1989,"DE",0.138048391810651
1989,"FL",1.56617601643304
1989,"GA",1.48001546894046
1989,"IA",4.7246438507116
1989,"ID",1.77048358944444
1989,"IL",3.47731015481396
1989,"IN",2.36003085461448
1989,"KS",3.31819590652907
1989,"KY",1.1744464438686
1989,"LA",0.97817702255108
1989,"MA",0.155123182884347
1989,"MD",0.440659853980443
1989,"ME",0.185995750383383
1989,"MI",1.63308796345765
1989,"MN",3.98941161026918
1989,"MO",2.29262210031224
1989,"MS",1.06563397336102
1989,"MT",1.34269468525931
1989,"NC",2.00852584099032
1989,"ND",2.01201082727959
1989,"NE",3.88796525909885
1989,"NH",0.0584931189066427
1989,"NJ",0.263084714055796
1989,"NM",0.571201967791938
1989,"NV",0.228194465883953
1989,"NY",1.42177117711259
1989,"OH",1.9852384833479
1989,"OK",1.55038605006261
1989,"OR",1.22031693495286
1989,"PA",1.57482798815677
1989,"RI",0.0176447682444911
1989,"SC",0.573617645618996
1989,"SD",1.9111298147503
1989,"TN",0.891456568182163
1989,"TX",6.38265118663401
1989,"UT",0.432443407700918
1989,"VA",0.882163861013989
1989,"VT",0.19577726370144
1989,"WA",1.85274988031603
1989,"WI",3.01434425057887
1989,"WV",0.175255238149945
1989,"WY",0.46208932481354
1990,"AL",0.945424892720798
1990,"AR",2.00695116469611
1990,"AZ",0.668377248600095
1990,"CA",6.76211572391106
1990,"CO",1.54149113778015
1990,"CT",0.130360642270598
1990,"DE",0.138046212754631
1990,"FL",1.58025659871501
1990,"GA",1.50024591145488
1990,"IA",4.54262350513263
1990,"ID",1.97786220456138
1990,"IL",3.29360245425429
1990,"IN",2.35145456212641
1990,"KS",3.25324500056112
1990,"KY",1.20769286339867
1990,"LA",0.962100785577588
1990,"MA",0.151826901970629
1990,"MD",0.444941650176472
1990,"ME",0.186358786021138
1990,"MI",1.68623448600284
1990,"MN",4.09642613286144
1990,"MO",2.20776920294124
1990,"MS",1.15191393110587
1990,"MT",1.43986441978299
1990,"NC",2.00354968104554
1990,"ND",2.0867384640834
1990,"NE",3.88554346764346
1990,"NH",0.0559970151667685
1990,"NJ",0.254063628805734
1990,"NM",0.612368365528781
1990,"NV",0.248599853303149
1990,"NY",1.25656897841476
1990,"OH",1.9489711509438
1990,"OK",1.66566946306065
1990,"OR",1.38074567081663
1990,"PA",1.51934845719931
1990,"RI",0.0166700693519072
1990,"SC",0.577883873648579
1990,"SD",1.93694649323869
1990,"TN",0.900397874803716
1990,"TX",6.70472710609484
1990,"UT",0.475936208575028
1990,"VA",0.876738069944396
1990,"VT",0.187977951497965
1990,"WA",2.12704633598945
1990,"WI",3.10421544261437
1990,"WV",0.183492977695598
1990,"WY",0.51581708645952
1991,"AL",0.982704494471161
1991,"AR",2.04006823724003
1991,"AZ",0.632523231851583
1991,"CA",6.92770465027655
1991,"CO",1.58333863727176
1991,"CT",0.125815866204596
1991,"DE",0.138900892137661
1991,"FL",1.52850407325153
1991,"GA",1.54585750520746
1991,"IA",4.62977312958751
1991,"ID",2.00363877600717
1991,"IL",3.30527790176072
1991,"IN",2.31826357294843
1991,"KS",3.29459328475032
1991,"KY",1.23049240373443
1991,"LA",1.0275478157006
1991,"MA",0.147009059189092
1991,"MD",0.435534327917792
1991,"ME",0.178633950887578
1991,"MI",1.6777199504586
1991,"MN",4.19312972251391
1991,"MO",2.16998583839008
1991,"MS",1.21779730188731
1991,"MT",1.41696134684901
1991,"NC",2.00505425623784
1991,"ND",2.07365062362545
1991,"NE",3.92679536325719
1991,"NH",0.0546316575350425
1991,"NJ",0.248546522292325
1991,"NM",0.61717607997777
1991,"NV",0.246049291281975
1991,"NY",1.19429442558164
1991,"OH",1.92385009156612
1991,"OK",1.69174998010138
1991,"OR",1.42130574089187
1991,"PA",1.46883233464067
1991,"RI",0.0160019911313758
1991,"SC",0.608092713756074
1991,"SD",1.94871834002909
1991,"TN",0.912789198597358
1991,"TX",6.77307677268278
1991,"UT",0.467821415234193
1991,"VA",0.877342616527263
1991,"VT",0.182110345204306
1991,"WA",2.20192220448544
1991,"WI",3.05397635781846
1991,"WV",0.180337543431731
1991,"WY",0.506078187528839
1992,"AL",0.894348138168086
1992,"AR",1.95574282797499
1992,"AZ",0.57706079563671
1992,"CA",6.77028185335193
1992,"CO",1.55040899549368
1992,"CT",0.1203554027358
1992,"DE",0.136527663165804
1992,"FL",1.41651806413287
1992,"GA",1.47811997382841
1992,"IA",4.81745927742628
1992,"ID",1.9881327176436
1992,"IL",3.34001904316042
1992,"IN",2.43753501173911
1992,"KS",3.23894822020672
1992,"KY",1.25144132857945
1992,"LA",0.985536060673505
1992,"MA",0.142946256384961
1992,"MD",0.431880406804392
1992,"ME",0.174462749911237
1992,"MI",1.66840909086719
1992,"MN",4.2098265008995
1992,"MO",2.20030095999905
1992,"MS",1.16731370672074
1992,"MT",1.33192511698486
1992,"NC",2.00501138719077
1992,"ND",2.03007154201276
1992,"NE",3.88876328637732
1992,"NH",0.0510169101671269
1992,"NJ",0.247126813688277
1992,"NM",0.603617886486047
1992,"NV",0.243241643394251
1992,"NY",1.1614830742617
1992,"OH",1.98214262277913
1992,"OK",1.57041833896314
1992,"OR",1.37013291668978
1992,"PA",1.4464259435514
1992,"RI",0.0152647928856691
1992,"SC",0.589322090481201
1992,"SD",1.91037035800319
1992,"TN",0.898790068836429
1992,"TX",6.28783759551093
1992,"UT",0.455153959895638
1992,"VA",0.884309205139036
1992,"VT",0.178412105896642
1992,"WA",2.10722619612532
1992,"WI",2.97826841373489
1992,"WV",0.179560923342837
1992,"WY",0.474311457852592
1993,"AL",0.96200204619537
1993,"AR",2.07335025931512
1993,"AZ",0.555620864621531
1993,"CA",6.13825349114404
1993,"CO",1.48639437628378
1993,"CT",0.127924093792569
1993,"DE",0.151233232603165
1993,"FL",1.4883165999622
1993,"GA",1.59883996857666
1993,"IA",4.95057129201756
1993,"ID",1.85033887354212
1993,"IL",3.39814396400001
1993,"IN",2.59367393016944
1993,"KS",2.96420450515795
1993,"KY",1.3104820465709
1993,"LA",0.984357783254179
1993,"MA",0.152456524447281
1993,"MD",0.440821453242565
1993,"ME",0.18394243352195
1993,"MI",1.72564320677749
1993,"MN",4.12608188816078
1993,"MO",2.34339133994502
1993,"MS",1.20499882759987
1993,"MT",1.27110938123279
1993,"NC",2.23997114408916
1993,"ND",1.88531175206769
1993,"NE",3.63169514546573
1993,"NH",0.0536665081192847
1993,"NJ",0.266773837378975
1993,"NM",0.578026057947372
1993,"NV",0.225178130395217
1993,"NY",1.19724906180906
1993,"OH",2.11468833474469
1993,"OK",1.60339052995376
1993,"OR",1.26149290263195
1993,"PA",1.53323894020473
1993,"RI",0.0162657285060522
1993,"SC",0.62274300813845
1993,"SD",1.77412983863939
1993,"TN",0.968607577726878
1993,"TX",6.57479600753102
1993,"UT",0.436987856219552
1993,"VA",0.951375032444092
1993,"VT",0.185550988230664
1993,"WA",1.93808057688154
1993,"WI",2.96273121706098
1993,"WV",0.193763729660482
1993,"WY",0.446858578034183
1994,"AL",0.927087899722534
1994,"AR",1.95966701646556
1994,"AZ",0.671806223387951
1994,"CA",6.45051924581177
1994,"CO",1.76590071863462
1994,"CT",0.130691715016137
1994,"DE",0.160747677449545
1994,"FL",1.40937429263881
1994,"GA",1.52917360071874
1994,"IA",4.78042119861999
1994,"ID",2.20090386711042
1994,"IL",3.36298954222649
1994,"IN",2.44020313500908
1994,"KS",3.18276439014011
1994,"KY",1.30749624554899
1994,"LA",0.92851420486833
1994,"MA",0.156016447917589
1994,"MD",0.443035699458052
1994,"ME",0.184362345394143
1994,"MI",1.79340464625378
1994,"MN",4.37097107432232
1994,"MO",2.30660723124922
1994,"MS",1.16098973468366
1994,"MT",1.37510976689326
1994,"NC",2.14200135505526
1994,"ND",2.01550196177937
1994,"NE",4.01256114494396
1994,"NH",0.055279286186232
1994,"NJ",0.255669814752418
1994,"NM",0.692282648362486
1994,"NV",0.255082019907159
1994,"NY",1.19835221787328
1994,"OH",2.00898149982501
1994,"OK",1.72186286505396
1994,"OR",1.27550151870579
1994,"PA",1.57041839089011
1994,"RI",0.0168317866420705
1994,"SC",0.594826798259881
1994,"SD",1.88414854691208
1994,"TN",0.94526727715209
1994,"TX",6.67762751363399
1994,"UT",0.511389931442757
1994,"VA",0.899010147899835
1994,"VT",0.188774987369741
1994,"WA",1.92275989726106
1994,"WI",3.12300966620108
1994,"WV",0.186855059879191
1994,"WY",0.502755797159643
1995,"AL",1.13655524347891
1995,"AR",2.39801876299768
1995,"AZ",0.737401332399027
1995,"CA",6.99901671826509
1995,"CO",1.85942408243446
1995,"CT",0.143778231620727
1995,"DE",0.174052896951316
1995,"FL",1.61937228580178
1995,"GA",1.88844016026502
1995,"IA",4.64853156922662
1995,"ID",2.31087491016583
1995,"IL",3.33774691401565
1995,"IN",2.370312928041
1995,"KS",3.29042231381461
1995,"KY",1.40458293587465
1995,"LA",1.07055117282875
1995,"MA",0.173644987125274
1995,"MD",0.466188679778323
1995,"ME",0.206685411808328
1995,"MI",1.74956705612609
1995,"MN",4.19046114150446
1995,"MO",2.36664378423483
1995,"MS",1.34378557392762
1995,"MT",1.44251936763083
1995,"NC",2.37185004653397
1995,"ND",2.03198304158804
1995,"NE",4.02130860309129
1995,"NH",0.0624128162465192
1995,"NJ",0.285478347846173
1995,"NM",0.767893296806676
1995,"NV",0.277380828538156
1995,"NY",1.317021023677
1995,"OH",1.94483060716372
1995,"OK",1.98997213220083
1995,"OR",1.36560629976008
1995,"PA",1.75165711462986
1995,"RI",0.0191354242496917
1995,"SC",0.690609467671474
1995,"SD",1.87736811214661
1995,"TN",1.02679658593218
1995,"TX",7.89326780158712
1995,"UT",0.557877625181566
1995,"VA",0.999806349538952
1995,"VT",0.203643445579132
1995,"WA",2.08716286567296
1995,"WI",2.96074531720408
1995,"WV",0.20195623578824
1995,"WY",0.528810195014225
1996,"AL",1
1996,"AR",2.39828138072614
1996,"AZ",0.829250919569547
1996,"CA",8.16412507882768
1996,"CO",2.05064152273518
1996,"CT",0.1406735854108
1996,"DE",0.17009090517546
1996,"FL",1.36645393867802
1996,"GA",1.65416663698868
1996,"IA",4.16738226749047
1996,"ID",2.5868955652126
1996,"IL",2.90725809765183
1996,"IN",2.11533329789289
1996,"KS",3.09551919884206
1996,"KY",1.3206265734644
1996,"LA",0.655881278746908
1996,"MA",0.176177873818502
1996,"MD",0.445090572037315
1996,"ME",0.197213789491417
1996,"MI",1.69775503180782
1996,"MN",3.95401006642546
1996,"MO",2.11473319593258
1996,"MS",1.39963961501279
1996,"MT",1.55636937013034
1996,"NC",2.36304680153806
1996,"ND",1.98165048944451
1996,"NE",4.11967130572533
1996,"NH",0.0623889772085644
1996,"NJ",0.277895676718971
1996,"NM",0.867802381025492
1996,"NV",0.30630099969964
1996,"NY",1.25627655292361
1996,"OH",1.7909780930586
1996,"OK",1.9420279686932
1996,"OR",1.57431727883432
1996,"PA",1.65570211276347
1996,"RI",0.0182920077154379
1996,"SC",0.641510376806613
1996,"SD",1.85696960460922
1996,"TN",0.951820233268994
1996,"TX",7.92497232821217
1996,"UT",0.610119267254194
1996,"VA",0.92814290770065
1996,"VT",0.188993564727498
1996,"WA",2.42885110025471
1996,"WI",2.86114215855898
1996,"WV",0.196516242568822
1996,"WY",0.566009306497714
1997,"AL",1.05891970154325
1997,"AR",2.76313118219559
1997,"AZ",0.715675497630395
1997,"CA",7.29169125133452
1997,"CO",1.8309370482533
1997,"CT",0.163000934600735
1997,"DE",0.206289591811121
1997,"FL",1.64094965372727
1997,"GA",1.77846483228031
1997,"IA",4.3116971894968
1997,"ID",2.14377294552886
1997,"IL",3.07204937291987
1997,"IN",2.18705893107017
1997,"KS",3.29492246994649
1997,"KY",1.41580406829241
1997,"LA",0.965142088975185
1997,"MA",0.197631381613667
1997,"MD",0.533117342140315
1997,"ME",0.228997835241852
1997,"MI",1.78330838869117
1997,"MN",4.18102201057164
1997,"MO",2.30299200245349
1997,"MS",1.55152313196659
1997,"MT",1.37255098210929
1997,"NC",2.60966007843029
1997,"ND",2.09764264404887
1997,"NE",4.3637994109255
1997,"NH",0.0729590242678948
1997,"NJ",0.332486163928336
1997,"NM",0.725841250803343
1997,"NV",0.264577392358474
1997,"NY",1.39397357447682
1997,"OH",1.89284394868008
1997,"OK",1.95643408824345
1997,"OR",1.42811775283415
1997,"PA",1.8490555911545
1997,"RI",0.0205263989412884
1997,"SC",0.738215259355962
1997,"SD",1.92128786388571
1997,"TN",1.02785236354195
1997,"TX",7.98917648225491
1997,"UT",0.541091492052542
1997,"VA",0.95250007416017
1997,"VT",0.222475411064839
1997,"WA",2.11836635475287
1997,"WI",3.03802484444596
1997,"WV",0.210234681870539
1997,"WY",0.518778022109782
1998,"AL",1.14954773456742
1998,"AR",2.6910952065641
1998,"AZ",0.767493109209057
1998,"CA",7.32247593603788
1998,"CO",1.83795122135468
1998,"CT",0.149676005479228
1998,"DE",0.193707424119639
1998,"FL",1.73560421736112
1998,"GA",1.99026643541755
1998,"IA",4.38639638919027
1998,"ID",2.31479089755267
1998,"IL",3.12756113152474
1998,"IN",2.15390953305706
1998,"KS",3.43042082196271
1998,"KY",1.50938942929786
1998,"LA",1.10563211744671
1998,"MA",0.184466958199861
1998,"MD",0.481390014815107
1998,"ME",0.209017717897971
1998,"MI",1.73608527511702
1998,"MN",4.18939098642647
1998,"MO",2.38277061909977
1998,"MS",1.51688083161046
1998,"MT",1.4242918801005
1998,"NC",2.66184335017835
1998,"ND",2.1832433493836
1998,"NE",4.58150229916403
1998,"NH",0.066104191631713
1998,"NJ",0.305002077855899
1998,"NM",0.750816834029207
1998,"NV",0.276905198739682
1998,"NY",1.32678755497139
1998,"OH",1.90084954835874
1998,"OK",1.94377422508602
1998,"OR",1.43352248260727
1998,"PA",1.71252801459084
1998,"RI",0.0200168770898402
1998,"SC",0.74444744319685
1998,"SD",2.00274567681528
1998,"TN",1.12410010473738
1998,"TX",7.83220394195636
1998,"UT",0.562222075825371
1998,"VA",1.0120777646172
1998,"VT",0.200028906505277
1998,"WA",2.21452152904757
1998,"WI",3.02124162220935
1998,"WV",0.228475968129671
1998,"WY",0.529524140206247
1999,"AL",1.1363309234552
1999,"AR",2.73378289764734
1999,"AZ",0.806919751597875
1999,"CA",8.00873943926237
1999,"CO",1.76494343731305
1999,"CT",0.153409426162321
1999,"DE",0.201666177372192
1999,"FL",1.71008239222878
1999,"GA",2.0309974431008
1999,"IA",4.61716661174173
1999,"ID",2.39802970795082
1999,"IL",3.15051356589651
1999,"IN",2.19298701406899
1999,"KS",3.36433385374289
1999,"KY",1.52664091476236
1999,"LA",1.1622770316561
1999,"MA",0.184138935126957
1999,"MD",0.473609521315729
1999,"ME",0.22123560296664
1999,"MI",1.69976556813367
1999,"MN",4.21608415974031
1999,"MO",2.37756994878351
1999,"MS",1.61724234184549
1999,"MT",1.54723124432814
1999,"NC",2.59833499207399
1999,"ND",2.04364311152257
1999,"NE",4.38264976086602
1999,"NH",0.0692084623321487
1999,"NJ",0.296782574475134
1999,"NM",0.76622511762168
1999,"NV",0.288973988690896
1999,"NY",1.39284064509122
1999,"OH",1.97351470676882
1999,"OK",1.92221040632367
1999,"OR",1.44990852836826
1999,"PA",1.82222271349751
1999,"RI",0.0216722883873745
1999,"SC",0.719274645571114
1999,"SD",1.92041299716031
1999,"TN",1.14620412340317
1999,"TX",7.72023489979819
1999,"UT",0.582504139143649
1999,"VA",1.07219916012263
1999,"VT",0.207273358854858
1999,"WA",2.27390723440004
1999,"WI",2.96555580098474
1999,"WV",0.241666393781972
1999,"WY",0.521106137574272
2000,"AL",1.18754298402986
2000,"AR",2.39910335807862
2000,"AZ",0.874229757188416
2000,"CA",7.97889774653995
2000,"CO",1.97759305087644
2000,"CT",0.16246121038084
2000,"DE",0.227148637270964
2000,"FL",1.75867083603453
2000,"GA",1.92147715211616
2000,"IA",4.44927147189651
2000,"ID",2.43275248741895
2000,"IL",3.02968450415853
2000,"IN",2.05344903441897
2000,"KS",3.84840858610294
2000,"KY",1.48098436128668
2000,"LA",1.01802971378829
2000,"MA",0.188479466284331
2000,"MD",0.486287862623709
2000,"ME",0.231118494869229
2000,"MI",1.73440416190466
2000,"MN",4.29797293956481
2000,"MO",2.40554216615312
2000,"MS",1.50817236822384
2000,"MT",1.68930213360057
2000,"NC",2.3786601479809
2000,"ND",2.1888091925719
2000,"NE",4.73397528027669
2000,"NH",0.0736432430990219
2000,"NJ",0.297143056127695
2000,"NM",0.814037361612392
2000,"NV",0.304084870701676
2000,"NY",1.27832796881673
2000,"OH",1.92406518933249
2000,"OK",1.83323124140083
2000,"OR",1.4996750330591
2000,"PA",1.78835582902146
2000,"RI",0.019840591954677
2000,"SC",0.732329859821631
2000,"SD",2.10281061461971
2000,"TN",1.11559715435595
2000,"TX",7.01057270749824
2000,"UT",0.637005109097176
2000,"VA",1.00552022790937
2000,"VT",0.220743426338903
2000,"WA",2.25181313075705
2000,"WI",2.91873656522409
2000,"WV",0.237970800853052
2000,"WY",0.558338931633119
2001,"AL",1.10074662301023
2001,"AR",2.2586604700034
2001,"AZ",0.86322357350513
2001,"CA",8.31632567196892
2001,"CO",1.7456032800363
2001,"CT",0.157382364309874
2001,"DE",0.222167874426364
2001,"FL",1.56186468326085
2001,"GA",1.78471697978063
2001,"IA",4.03906520094598
2001,"ID",2.31519650042469
2001,"IL",2.81782721881778
2001,"IN",1.87912594495835
2001,"KS",3.50627657120858
2001,"KY",1.40308993939117
2001,"LA",0.995735799399372
2001,"MA",0.159776474309596
2001,"MD",0.494818761415934
2001,"ME",0.215237534215106
2001,"MI",1.66606243118769
2001,"MN",4.08341845914032
2001,"MO",2.22541189427785
2001,"MS",1.47319367456273
2001,"MT",1.44488825193045
2001,"NC",2.28135983180713
2001,"ND",2.11211275154737
2001,"NE",4.73787291125795
2001,"NH",0.0701077884238888
2001,"NJ",0.281720735259268
2001,"NM",0.730102662093981
2001,"NV",0.281075233427415
2001,"NY",1.24678240486726
2001,"OH",1.76453059644599
2001,"OK",1.85673424124835
2001,"OR",1.59400417961787
2001,"PA",1.62285965595966
2001,"RI",0.0187024003142245
2001,"SC",0.657821429709791
2001,"SD",2.04881973205971
2001,"TN",1.0678751885048
2001,"TX",6.96046379720441
2001,"UT",0.584283154719887
2001,"VA",0.957933920505407
2001,"VT",0.202501610865672
2001,"WA",2.29582920480893
2001,"WI",2.89332356374854
2001,"WV",0.238171703153148
2001,"WY",0.506703376957057
2002,"AL",1.26303789399571
2002,"AR",2.83324764876061
2002,"AZ",0.981973764642948
2002,"CA",8.2280638170138
2002,"CO",2.06092320600746
2002,"CT",0.204548384282985
2002,"DE",0.287698816654444
2002,"FL",1.8721634828528
2002,"GA",2.09896681086581
2002,"IA",4.22506963440398
2002,"ID",2.72672444211517
2002,"IL",3.00908159655023
2002,"IN",1.94974213608992
2002,"KS",3.6983075695179
2002,"KY",1.7672172857267
2002,"LA",1.25247827737688
2002,"MA",0.21439609927686
2002,"MD",0.648158445380665
2002,"ME",0.296771978482219
2002,"MI",1.8565741740252
2002,"MN",4.73760216926836
2002,"MO",2.37124580640846
2002,"MS",1.93243863156428
2002,"MT",1.68954288430453
2002,"NC",2.59860154024769
2002,"ND",2.29623003405982
2002,"NE",5.10298502074804
2002,"NH",0.0939096707715445
2002,"NJ",0.356656178523421
2002,"NM",0.863283530710784
2002,"NV",0.330019980379687
2002,"NY",1.69813232596027
2002,"OH",1.89917489211115
2002,"OK",1.82116114672711
2002,"OR",1.43568407240505
2002,"PA",2.16527365601165
2002,"RI",0.0256472124651057
2002,"SC",0.80895382024733
2002,"SD",2.25188560900571
2002,"TN",1.36057316231214
2002,"TX",6.44693909262733
2002,"UT",0.657824850541646
2002,"VA",1.19011723019885
2002,"VT",0.280699849061048
2002,"WA",2.24279666495954
2002,"WI",3.33520595350684
2002,"WV",0.309761627689167
2002,"WY",0.543265950426956
2003,"AL",1.13199644539858
2003,"AR",2.13938169324135
2003,"AZ",0.858313051903863
2003,"CA",6.38352536595668
2003,"CO",1.70707175342861
2003,"CT",0.137724057006108
2003,"DE",0.200973790660286
2003,"FL",1.57263487683156
2003,"GA",1.66530464141387
2003,"IA",3.62340769688032
2003,"ID",2.31512028744762
2003,"IL",2.95591370555514
2003,"IN",1.76354006782227
2003,"KS",3.36102792817206
2003,"KY",1.30353590056986
2003,"LA",0.941913539984556
2003,"MA",0.154658432691744
2003,"MD",0.460956395790101
2003,"ME",0.212246696783676
2003,"MI",1.61955013783205
2003,"MN",3.60908243220971
2003,"MO",1.97705244658362
2003,"MS",1.40494841555186
2003,"MT",1.27242530977906
2003,"NC",1.95186402994837
2003,"ND",2.09742973195764
2003,"NE",4.28045439348776
2003,"NH",0.0660987951407124
2003,"NJ",0.253567731766471
2003,"NM",0.716776658434149
2003,"NV",0.286717139741423
2003,"NY",1.13965521169598
2003,"OH",1.84396334598803
2003,"OK",1.89270056275929
2003,"OR",1.3997979990605
2003,"PA",1.49623022602158
2003,"RI",0.0176776217782729
2003,"SC",0.699585796452658
2003,"SD",2.09481603194225
2003,"TN",0.982916070032732
2003,"TX",5.84320984937566
2003,"UT",0.560477717812825
2003,"VA",0.864279022871176
2003,"VT",0.188816047014447
2003,"WA",1.45793822158693
2003,"WI",2.43751384757262
2003,"WV",0.219974607214227
2003,"WY",0.461625244810928
2004,"AL",1.27403903334213
2004,"AR",2.26760161481147
2004,"AZ",0.868352970132098
2004,"CA",6.4357988878734
2004,"CO",1.64926472719788
2004,"CT",0.148343805160024
2004,"DE",0.22565576153872
2004,"FL",1.44056353974933
2004,"GA",1.69936988911441
2004,"IA",4.17034833677198
2004,"ID",2.38582818474531
2004,"IL",3.00835708173375
2004,"IN",1.7248770262974
2004,"KS",4.07207473223452
2004,"KY",1.47616914982191
2004,"LA",1.01633434387847
2004,"MA",0.166701035571187
2004,"MD",0.51797337484199
2004,"ME",0.234906458516778
2004,"MI",1.67836614671879
2004,"MN",4.72288312048804
2004,"MO",2.10620169534715
2004,"MS",1.54828356165035
2004,"MT",1.40954590942625
2004,"NC",2.47545123146062
2004,"ND",2.13934190704484
2004,"NE",4.16565536725122
2004,"NH",0.070768510453852
2004,"NJ",0.279626379730701
2004,"NM",0.71432739201107
2004,"NV",0.278369980471544
2004,"NY",1.28853924266942
2004,"OH",1.93491251060238
2004,"OK",1.91418514190768
2004,"OR",1.44569344131116
2004,"PA",1.73234477020439
2004,"RI",0.0198414056194041
2004,"SC",0.809957801855421
2004,"SD",2.0890690934172
2004,"TN",1.04909503807591
2004,"TX",5.74646212508159
2004,"UT",0.569832471709685
2004,"VA",1.02058397380475
2004,"VT",0.211061756024812
2004,"WA",1.94997908830433
2004,"WI",2.66049633095078
2004,"WV",0.255738927525908
2004,"WY",0.477222623974162
