Year,State,Value
1960,"AL",3.86224591046976
1960,"AR",7.97313809429308
1960,"AZ",3.3318969183228
1960,"CA",37.2403538116973
1960,"CO",2.70602869049982
1960,"CT",1.29812462790236
1960,"DE",0.551640064638675
1960,"FL",7.74178550165849
1960,"GA",3.97538485527174
1960,"IA",4.41619652425368
1960,"ID",3.86367051285686
1960,"IL",6.10277691151873
1960,"IN",3.42267456694922
1960,"KS",3.28275167975505
1960,"KY",4.57312958920421
1960,"LA",5.72907039378561
1960,"MA",2.16971904856406
1960,"MD",2.18498568310039
1960,"ME",1.5499886598815
1960,"MI",4.82677260227369
1960,"MN",4.89248858900576
1960,"MO",4.03624585376917
1960,"MS",7.34381113032631
1960,"MT",2.15656451109914
1960,"NC",7.31893374535764
1960,"ND",3.13264394862926
1960,"NE",3.03311314603238
1960,"NH",0.418117256825334
1960,"NJ",2.63452924333059
1960,"NM",2.51567771383211
1960,"NV",0.348850395486633
1960,"NY",7.16090919400108
1960,"OH",3.24399682476682
1960,"OK",3.36201202052561
1960,"OR",4.31032943044255
1960,"PA",4.47386102684773
1960,"RI",0.208693618348312
1960,"SC",3.66944263317552
1960,"SD",1.9093995407252
1960,"TN",4.64297054404219
1960,"TX",19.3481558132282
1960,"UT",1.01484846766649
1960,"VA",5.68416352450883
1960,"VT",1.13644288832818
1960,"WA",5.20958665268052
1960,"WI",5.62802285033879
1960,"WV",1.04562271425736
1960,"WY",1.36371303830125
1961,"AL",3.87207637569813
1961,"AR",7.51315453746492
1961,"AZ",2.98559804949962
1961,"CA",35.6891673517988
1961,"CO",2.77062484052958
1961,"CT",1.23539250985173
1961,"DE",0.498178493465257
1961,"FL",7.36126073767471
1961,"GA",4.12232444079041
1961,"IA",4.12270008221586
1961,"ID",3.80596348481842
1961,"IL",5.85302497661101
1961,"IN",3.4993904686304
1961,"KS",3.17411334448445
1961,"KY",4.25782468176792
1961,"LA",5.92801151022028
1961,"MA",1.86857511410994
1961,"MD",2.00810818473053
1961,"ME",1.46942420548295
1961,"MI",4.60436452810932
1961,"MN",4.99385507328552
1961,"MO",3.68247668188133
1961,"MS",7.57798457743883
1961,"MT",1.76911518725371
1961,"NC",7.27423950330281
1961,"ND",2.46965100785303
1961,"NE",2.92492841550194
1961,"NH",0.45882828225555
1961,"NJ",2.51444447594477
1961,"NM",2.17507016698324
1961,"NV",0.269115187253707
1961,"NY",7.29073228815241
1961,"OH",3.44236384770221
1961,"OK",3.3840189379979
1961,"OR",3.88087914268704
1961,"PA",4.45460408811272
1961,"RI",0.186530774246591
1961,"SC",4.19768661582514
1961,"SD",1.98169988376379
1961,"TN",4.19215830805432
1961,"TX",19.7397088424574
1961,"UT",1.03978255322768
1961,"VA",5.40883253479999
1961,"VT",0.885124599552065
1961,"WA",4.94979162532248
1961,"WI",5.93083945227228
1961,"WV",1.0265996654665
1961,"WY",1.3448104782695
1962,"AL",3.87438692484336
1962,"AR",7.64390610381878
1962,"AZ",2.74501034785813
1962,"CA",33.7238397641255
1962,"CO",2.63927083038018
1962,"CT",1.23958126612423
1962,"DE",0.482054262467043
1962,"FL",7.75155217872027
1962,"GA",4.06503557962181
1962,"IA",4.65651489808068
1962,"ID",3.85099084285431
1962,"IL",5.96773736285544
1962,"IN",3.43869957191053
1962,"KS",3.40174496073484
1962,"KY",4.44763700280668
1962,"LA",5.58806310775948
1962,"MA",1.77977489864769
1962,"MD",2.12244492954951
1962,"ME",1.4752714540867
1962,"MI",4.36272077793213
1962,"MN",5.88388427409066
1962,"MO",3.9231069089672
1962,"MS",7.00486207580869
1962,"MT",1.90360190513991
1962,"NC",6.84381821790038
1962,"ND",2.76180081081847
1962,"NE",2.75455731012389
1962,"NH",0.475413205567998
1962,"NJ",2.53386442888328
1962,"NM",2.00953987469169
1962,"NV",0.296700025515267
1962,"NY",7.24756187452159
1962,"OH",3.46001899469849
1962,"OK",3.07570237858986
1962,"OR",4.24838403311315
1962,"PA",4.30295835341479
1962,"RI",0.139518895472458
1962,"SC",4.20849516627449
1962,"SD",2.14509681626173
1962,"TN",3.8074306126499
1962,"TX",19.266974739886
1962,"UT",1.03083803475746
1962,"VA",5.0275564879653
1962,"VT",0.772744025175063
1962,"WA",4.58456184617129
1962,"WI",6.01374989368639
1962,"WV",0.905458849544978
1962,"WY",1.33210954554475
1963,"AL",3.783616363791
1963,"AR",7.69653842882658
1963,"AZ",2.77353074589629
1963,"CA",31.7792858560372
1963,"CO",2.36179939330366
1963,"CT",1.13842032149236
1963,"DE",0.452343151985938
1963,"FL",7.55465228361636
1963,"GA",4.57062058798514
1963,"IA",4.39289258072747
1963,"ID",4.11306806906132
1963,"IL",5.64996597964449
1963,"IN",3.73150143168996
1963,"KS",3.50582598588155
1963,"KY",4.69663056728943
1963,"LA",5.72413035466221
1963,"MA",1.65850650639299
1963,"MD",2.11068664417543
1963,"ME",1.56340543758682
1963,"MI",4.39561420916849
1963,"MN",5.79206475207666
1963,"MO",3.56945822583846
1963,"MS",6.92760751849857
1963,"MT",1.85790831514189
1963,"NC",7.76200635046636
1963,"ND",2.3144685736966
1963,"NE",2.48449947551952
1963,"NH",0.435977943469509
1963,"NJ",2.63854081025147
1963,"NM",1.92218552433873
1963,"NV",0.307544013834945
1963,"NY",6.88547189068126
1963,"OH",3.68928075298387
1963,"OK",2.62731409293227
1963,"OR",4.24507413602472
1963,"PA",4.32008193235619
1963,"RI",0.139951237490432
1963,"SC",4.03781220763757
1963,"SD",2.07314376435234
1963,"TN",4.20195333541236
1963,"TX",16.2769256938735
1963,"UT",1.07706319281036
1963,"VA",5.03588438749185
1963,"VT",0.818770731154141
1963,"WA",4.81229268845859
1963,"WI",6.54088821478184
1963,"WV",0.829777733677317
1963,"WY",1.47737646358404
1964,"AL",3.66783375386273
1964,"AR",6.70196042298642
1964,"AZ",3.04715363025544
1964,"CA",30.8604669293794
1964,"CO",2.01693221444164
1964,"CT",1.16876931363933
1964,"DE",0.380659427891021
1964,"FL",7.96578119241346
1964,"GA",4.85921951634395
1964,"IA",3.97126697473989
1964,"ID",4.240970430641
1964,"IL",4.86498880163298
1964,"IN",3.26713775408953
1964,"KS",3.76041873387577
1964,"KY",4.38306920307317
1964,"LA",5.58181186743401
1964,"MA",1.57795622714257
1964,"MD",2.0703654353188
1964,"ME",1.4710401723698
1964,"MI",4.18003855640291
1964,"MN",5.74637824965271
1964,"MO",3.27909449153744
1964,"MS",6.50627959062172
1964,"MT",1.76531624755479
1964,"NC",7.26084398831968
1964,"ND",2.14423921979985
1964,"NE",2.30026507527004
1964,"NH",0.393728914467156
1964,"NJ",2.82195305190939
1964,"NM",1.86673943242707
1964,"NV",0.336475491168883
1964,"NY",6.76514614577722
1964,"OH",3.45429932242792
1964,"OK",2.05193774274941
1964,"OR",4.35527173758966
1964,"PA",4.23773849686729
1964,"RI",0.147882232869333
1964,"SC",3.98452073824171
1964,"SD",1.97768122926885
1964,"TN",3.71438494032263
1964,"TX",15.3353414793185
1964,"UT",1.14860516542398
1964,"VA",4.65765599750517
1964,"VT",0.761056615541632
1964,"WA",4.76587616590593
1964,"WI",4.95356221472514
1964,"WV",0.774409605080373
1964,"WY",1.65074561279165
1965,"AL",3.28625294134324
1965,"AR",6.73646273353557
1965,"AZ",3.05407819011709
1965,"CA",32.1199075780342
1965,"CO",1.93925240268761
1965,"CT",1.24799421653956
1965,"DE",0.402992373770306
1965,"FL",8.61557707028038
1965,"GA",4.56653105774955
1965,"IA",3.93008108184731
1965,"ID",4.12241657925325
1965,"IL",4.38506789895954
1965,"IN",3.15496271936042
1965,"KS",3.66212825674028
1965,"KY",4.09599410313838
1965,"LA",5.27101465710317
1965,"MA",1.6430485073569
1965,"MD",2.10483230799762
1965,"ME",1.26788194936637
1965,"MI",3.58485952428203
1965,"MN",5.82645366144076
1965,"MO",3.1116080288039
1965,"MS",6.45746746803504
1965,"MT",1.70695007512829
1965,"NC",7.05774955348283
1965,"ND",2.29786947523602
1965,"NE",2.16764238936297
1965,"NH",0.370439146089077
1965,"NJ",2.9588991579962
1965,"NM",1.73235902815184
1965,"NV",0.395274005613359
1965,"NY",6.38345193207269
1965,"OH",3.16615399880929
1965,"OK",2.09785104754345
1965,"OR",3.9944079040626
1965,"PA",4.04226320415048
1965,"RI",0.153779094491537
1965,"SC",4.13194936637088
1965,"SD",1.93322087715817
1965,"TN",3.16118560938962
1965,"TX",13.7552448048082
1965,"UT",1.09842514104272
1965,"VA",4.4973350721515
1965,"VT",0.720692881240609
1965,"WA",4.15635188387719
1965,"WI",6.06480877725172
1965,"WV",0.699493947211748
1965,"WY",1.58215207098914
1966,"AL",3.86181356845179
1966,"AR",4.70955830238426
1966,"AZ",3.05710458424291
1966,"CA",32.625435885805
1966,"CO",2.55699827063193
1966,"CT",1.16521843903269
1966,"DE",0.30921668131432
1966,"FL",9.37599580415615
1966,"GA",3.42086014798855
1966,"IA",3.97393899016245
1966,"ID",3.98394664474244
1966,"IL",3.87845519235676
1966,"IN",2.83682278229807
1966,"KS",3.51719445468205
1966,"KY",4.01014231848723
1966,"LA",4.52848496016783
1966,"MA",1.48052334646897
1966,"MD",1.69005329855697
1966,"ME",1.27245343463839
1966,"MI",3.22261361381226
1966,"MN",4.51112749128228
1966,"MO",3.36266407733961
1966,"MS",5.51491225583307
1966,"MT",2.00509596575284
1966,"NC",6.57482351940578
1966,"ND",2.15499106965668
1966,"NE",2.34569642502764
1966,"NH",0.372147251438778
1966,"NJ",2.64796019618405
1966,"NM",1.4578005840161
1966,"NV",0.314078757123012
1966,"NY",5.23613670512857
1966,"OH",2.76553596235081
1966,"OK",1.83115981062002
1966,"OR",3.1396535593797
1966,"PA",3.72276245286763
1966,"RI",0.146436367760043
1966,"SC",3.21529923737703
1966,"SD",1.87970969296629
1966,"TN",3.62906472372636
1966,"TX",14.2423666827318
1966,"UT",0.929180959941031
1966,"VA",3.88613812264338
1966,"VT",0.64628044113061
1966,"WA",4.4279264593315
1966,"WI",5.35644827488447
1966,"WV",0.57918946502991
1966,"WY",1.49321010404559
1967,"AL",3.51974598134551
1967,"AR",4.73938281405041
1967,"AZ",3.18723953165311
1967,"CA",29.6178947069997
1967,"CO",3.16010121055765
1967,"CT",0.986980126442321
1967,"DE",0.266762112664077
1967,"FL",10.5225030476568
1967,"GA",3.83029512658407
1967,"IA",3.567232727582
1967,"ID",3.8729977603266
1967,"IL",3.54743713321804
1967,"IN",2.3130652340317
1967,"KS",3.1743472344286
1967,"KY",3.72196864457234
1967,"LA",4.14394862926318
1967,"MA",1.34958750318941
1967,"MD",1.58736852550109
1967,"ME",1.09843931619085
1967,"MI",3.15589827913702
1967,"MN",4.10004110792958
1967,"MO",4.17366682731835
1967,"MS",3.64000085050889
1967,"MT",2.1488036174978
1967,"NC",5.89453689791058
1967,"ND",1.8795254160406
1967,"NE",2.07114506846597
1967,"NH",0.383955149831316
1967,"NJ",2.27416153998809
1967,"NM",1.44514217673575
1967,"NV",0.476518867122161
1967,"NY",4.92548833385309
1967,"OH",2.58174099169336
1967,"OK",2.085943923114
1967,"OR",2.90716695489468
1967,"PA",3.71943129305701
1967,"RI",0.153339664899498
1967,"SC",3.13209111785218
1967,"SD",1.79229864202081
1967,"TN",2.8409264876818
1967,"TX",13.0685226660619
1967,"UT",0.865711734187622
1967,"VA",3.42058373260001
1967,"VT",0.525848382615598
1967,"WA",3.50148839055368
1967,"WI",5.35701528080968
1967,"WV",0.536550619453973
1967,"WY",1.35532135060811
1968,"AL",3.25777506874947
1968,"AR",5.01138973152269
1968,"AZ",3.15309159980722
1968,"CA",33.0385776656366
1968,"CO",3.06254075355087
1968,"CT",0.915438153828708
1968,"DE",0.306346213817934
1968,"FL",9.52292830210076
1968,"GA",3.43706234230148
1968,"IA",3.04945000425254
1968,"ID",3.53886116859921
1968,"IL",3.16804638108468
1968,"IN",2.08519264026309
1968,"KS",2.69322853173816
1968,"KY",2.93210812802994
1968,"LA",3.9448870240694
1968,"MA",1.27363705950727
1968,"MD",1.39968247668188
1968,"ME",0.976405465937119
1968,"MI",2.79473676749922
1968,"MN",4.18011651971763
1968,"MO",3.48359935361325
1968,"MS",3.23476171575993
1968,"MT",1.78619624075072
1968,"NC",5.07439826496187
1968,"ND",1.66029966263147
1968,"NE",1.62184957332804
1968,"NH",0.380127859836135
1968,"NJ",2.14644345533411
1968,"NM",1.34342840132679
1968,"NV",0.461493210104046
1968,"NY",4.70521361948232
1968,"OH",2.55612649902191
1968,"OK",1.87147393190259
1968,"OR",2.8275451478468
1968,"PA",3.40725909335753
1968,"RI",0.152425367845094
1968,"SC",2.99121849573328
1968,"SD",1.63518130014459
1968,"TN",2.47315226944122
1968,"TX",13.338991579962
1968,"UT",0.802689025600318
1968,"VA",3.29643778527486
1968,"VT",0.521588750602444
1968,"WA",3.59729821676637
1968,"WI",5.87057380999631
1968,"WV",0.511120403708219
1968,"WY",1.29719615569983
1969,"AL",3.29181668698438
1969,"AR",5.78150426671959
1969,"AZ",3.23963796671675
1969,"CA",31.9833158506506
1969,"CO",3.35373373401752
1969,"CT",0.846943838063108
1969,"DE",0.335476143225697
1969,"FL",9.31450401156692
1969,"GA",3.24616562243075
1969,"IA",3.02916536727809
1969,"ID",3.54655827403396
1969,"IL",2.9802327559323
1969,"IN",1.84359141553029
1969,"KS",2.80018002438125
1969,"KY",2.48004139143254
1969,"LA",3.63854789782553
1969,"MA",1.11501006435517
1969,"MD",1.41656507810507
1969,"ME",1.00284211720012
1969,"MI",2.31848014061747
1969,"MN",3.90307742465909
1969,"MO",3.26469254103705
1969,"MS",3.1486406032943
1969,"MT",1.93556686417373
1969,"NC",4.63042553794687
1969,"ND",1.61491083831826
1969,"NE",1.60953136960281
1969,"NH",0.345965752842117
1969,"NJ",2.08715589827914
1969,"NM",1.32285317381567
1969,"NV",0.372501630142035
1969,"NY",4.96070648938281
1969,"OH",2.37384118164035
1969,"OK",1.73089898789442
1969,"OR",2.82290278683412
1969,"PA",3.32809089104981
1969,"RI",0.129986108354832
1969,"SC",2.77923624301874
1969,"SD",1.83225838460012
1969,"TN",2.18806169024466
1969,"TX",13.2641255351118
1969,"UT",0.77400561335866
1969,"VA",3.25228219884898
1969,"VT",0.583413659172738
1969,"WA",3.9285572534233
1969,"WI",5.35592379440365
1969,"WV",0.443044254812463
1969,"WY",1.20168400759788
1970,"AL",2.99460635613642
1970,"AR",5.25973123919145
1970,"AZ",3.10564029144105
1970,"CA",35.958991296459
1970,"CO",3.31714767669322
1970,"CT",0.938961812150937
1970,"DE",0.360070025231764
1970,"FL",10.8536841209991
1970,"GA",3.29302866214952
1970,"IA",2.83549031837383
1970,"ID",3.63391262438692
1970,"IL",2.8072675984464
1970,"IN",1.82812632892014
1970,"KS",2.63333144331358
1970,"KY",2.32047174892978
1970,"LA",2.9923950330281
1970,"MA",1.09520029484308
1970,"MD",1.35476851983103
1970,"ME",1.01372863096419
1970,"MI",2.4470841720296
1970,"MN",3.78618206560259
1970,"MO",3.47306013097837
1970,"MS",3.62673291185893
1970,"MT",1.84547671023162
1970,"NC",4.84629178124911
1970,"ND",1.49456383069203
1970,"NE",1.62946162787401
1970,"NH",0.314291384344966
1970,"NJ",2.00439429592039
1970,"NM",1.16773452782582
1970,"NV",0.439635131687126
1970,"NY",4.5076474924163
1970,"OH",2.42414878235478
1970,"OK",1.95321492359595
1970,"OR",2.81511354293652
1970,"PA",3.38067360303915
1970,"RI",0.123337963881723
1970,"SC",2.92200124741304
1970,"SD",1.66470104612593
1970,"TN",2.25649221784368
1970,"TX",12.4748391120687
1970,"UT",0.705142743741672
1970,"VA",2.91552320471749
1970,"VT",0.533588013494741
1970,"WA",4.173085646245
1970,"WI",5.16009412298359
1970,"WV",0.424170045076971
1970,"WY",1.19349077197857
1971,"AL",2.74699486859638
1971,"AR",4.91796841776997
1971,"AZ",3.0479332634026
1971,"CA",32.5444532645366
1971,"CO",2.9316474357157
1971,"CT",0.923050208374678
1971,"DE",0.317984010432909
1971,"FL",10.8810138065943
1971,"GA",3.05116519717631
1971,"IA",3.01437360020412
1971,"ID",3.24533637626513
1971,"IL",2.82145692172483
1971,"IN",2.00678989595441
1971,"KS",2.75358631247697
1971,"KY",2.38453633090466
1971,"LA",3.09280469480906
1971,"MA",1.23882998327333
1971,"MD",1.28650100643552
1971,"ME",0.858539109233691
1971,"MI",2.60326595412922
1971,"MN",4.17377314092932
1971,"MO",3.76793156238483
1971,"MS",3.73279137016982
1971,"MT",2.07086865307742
1971,"NC",4.66836532191761
1971,"ND",1.61165055424829
1971,"NE",1.84408045814079
1971,"NH",0.271333597936098
1971,"NJ",1.84629886882318
1971,"NM",1.26550761205455
1971,"NV",0.410413063816517
1971,"NY",4.6707467468035
1971,"OH",2.34685878717433
1971,"OK",1.88368582201684
1971,"OR",2.71061435091997
1971,"PA",3.12649902191478
1971,"RI",0.105987582570238
1971,"SC",2.79151192129958
1971,"SD",1.6032092535367
1971,"TN",2.25265075270037
1971,"TX",10.8150143168996
1971,"UT",0.671753182320755
1971,"VA",3.27288577665637
1971,"VT",0.511418081818955
1971,"WA",3.76137555637456
1971,"WI",5.16380092421966
1971,"WV",0.427834320868653
1971,"WY",1.20045076971054
1972,"AL",2.56736739148924
1972,"AR",4.57228616789045
1972,"AZ",3.08931760836901
1972,"CA",34.5256853684121
1972,"CO",2.76716610438579
1972,"CT",1.00483372551243
1972,"DE",0.289569926005727
1972,"FL",9.88132565985314
1972,"GA",2.79368780653758
1972,"IA",3.0412638562073
1972,"ID",3.06256910384714
1972,"IL",2.79570067757208
1972,"IN",2.09514359425056
1972,"KS",2.61278456609872
1972,"KY",2.44616278740113
1972,"LA",3.50369262608794
1972,"MA",1.03229098744082
1972,"MD",1.17585688770448
1972,"ME",0.742614747824115
1972,"MI",2.61334448444986
1972,"MN",3.97069996881467
1972,"MO",3.50887364272957
1972,"MS",3.60441414112777
1972,"MT",1.95488050350126
1972,"NC",4.15825844130071
1972,"ND",1.74216114308395
1972,"NE",2.32469594307261
1972,"NH",0.213988036174978
1972,"NJ",1.85885096249256
1972,"NM",1.15633062115499
1972,"NV",0.48666118560939
1972,"NY",4.39942023644147
1972,"OH",2.33119524849035
1972,"OK",2.11513764068835
1972,"OR",2.38230374507414
1972,"PA",3.07544722592351
1972,"RI",0.0994811895784311
1972,"SC",2.61983670229354
1972,"SD",1.58664559294645
1972,"TN",2.30357497235846
1972,"TX",10.7231168315709
1972,"UT",0.580904657953676
1972,"VA",2.89530944348368
1972,"VT",0.465355937969552
1972,"WA",3.54243330592805
1972,"WI",5.2495534828339
1972,"WV",0.356745952995209
1972,"WY",1.17923766053355
1973,"AL",2.83836787344428
1973,"AR",4.78706801236073
1973,"AZ",2.96707113089332
1973,"CA",36.2653800357214
1973,"CO",3.23852521758852
1973,"CT",1.04029285856037
1973,"DE",0.302384259915516
1973,"FL",10.0962563433788
1973,"GA",3.41971196098999
1973,"IA",3.5009568224988
1973,"ID",3.41291497746151
1973,"IL",3.2022297508009
1973,"IN",2.46891390015026
1973,"KS",3.07052136194823
1973,"KY",2.55326311909959
1973,"LA",3.23986476908684
1973,"MA",1.16854959884331
1973,"MD",1.40552263771156
1973,"ME",0.831896918322796
1973,"MI",2.93509908428543
1973,"MN",4.96369035806424
1973,"MO",3.87883792135628
1973,"MS",3.48203299974485
1973,"MT",2.10659002636578
1973,"NC",4.89950528733025
1973,"ND",1.53576389873274
1973,"NE",2.53537408215916
1973,"NH",0.224669010291158
1973,"NJ",1.8726717319196
1973,"NM",1.24725002126272
1973,"NV",0.442406373146599
1973,"NY",5.01693930201571
1973,"OH",2.61075751991608
1973,"OK",2.01466419074079
1973,"OR",3.0420364017804
1973,"PA",3.83939557168372
1973,"RI",0.0897286876647861
1973,"SC",2.85521503699714
1973,"SD",1.89685453462989
1973,"TN",2.16854959884331
1973,"TX",9.62557763728631
1973,"UT",0.6572236554872
1973,"VA",3.02903779094492
1973,"VT",0.495782893431236
1973,"WA",4.11906415672044
1973,"WI",5.55085334391744
1973,"WV",0.435701528080968
1973,"WY",1.30003827289995
1974,"AL",2.68338389136166
1974,"AR",4.38080826694639
1974,"AZ",2.91178096561109
1974,"CA",40.1404190173787
1974,"CO",3.25983755280243
1974,"CT",1.07868624727128
1974,"DE",0.359743996824767
1974,"FL",8.52010744762283
1974,"GA",3.85598049499617
1974,"IA",4.26731494344116
1974,"ID",3.3648612252998
1974,"IL",3.21323675332407
1974,"IN",3.00458566042015
1974,"KS",3.28988177926459
1974,"KY",3.12176452243926
1974,"LA",3.48534289683327
1974,"MA",0.98977263062399
1974,"MD",1.57275394777875
1974,"ME",0.903984634139427
1974,"MI",3.69564539449437
1974,"MN",5.58071329345392
1974,"MO",3.53840047628498
1974,"MS",4.46277606100984
1974,"MT",2.45434893544638
1974,"NC",5.33427125563462
1974,"ND",1.35407393757265
1974,"NE",3.1973889377144
1974,"NH",0.19864343832393
1974,"NJ",1.68056303688374
1974,"NM",1.30911036770334
1974,"NV",0.496406599948969
1974,"NY",5.35718538258725
1974,"OH",2.72151503983217
1974,"OK",2.76795282510702
1974,"OR",2.78988886683866
1974,"PA",4.38839905877016
1974,"RI",0.153127037677544
1974,"SC",3.19495081223599
1974,"SD",2.19013126187169
1974,"TN",2.53528903127038
1974,"TX",12.2936948941116
1974,"UT",0.690946332889179
1974,"VA",3.17020100360049
1974,"VT",0.596454795452612
1974,"WA",5.596823349304
1974,"WI",6.81405040682675
1974,"WV",0.460805715419726
1974,"WY",1.34811328778386
1975,"AL",2.82307997618575
1975,"AR",4.10411646301704
1975,"AZ",2.92034984265586
1975,"CA",43.5979290108582
1975,"CO",2.96364783261985
1975,"CT",1.28086638505372
1975,"DE",0.379234825503927
1975,"FL",8.19298046664588
1975,"GA",3.85198310322343
1975,"IA",4.84829047713549
1975,"ID",3.55470898420888
1975,"IL",3.842471578828
1975,"IN",3.2773934737618
1975,"KS",3.63548606582939
1975,"KY",2.2881311484705
1975,"LA",2.72035267768548
1975,"MA",1.17890454455249
1975,"MD",1.69562413177218
1975,"ME",0.966610438579083
1975,"MI",3.53075298386868
1975,"MN",5.66916621778698
1975,"MO",3.51275763331727
1975,"MS",2.98252204235534
1975,"MT",2.15309868738128
1975,"NC",4.9388271482437
1975,"ND",1.48341507668755
1975,"NE",3.29977603265954
1975,"NH",0.235697275536529
1975,"NJ",1.59802823689508
1975,"NM",1.42474413857625
1975,"NV",0.496463300541491
1975,"NY",5.24805091713208
1975,"OH",3.69938763360077
1975,"OK",2.23814957616307
1975,"OR",3.84507980608397
1975,"PA",4.28132707736796
1975,"RI",0.152531681456071
1975,"SC",3.42016556573016
1975,"SD",2.09441357412185
1975,"TN",2.03580642417713
1975,"TX",12.281327077368
1975,"UT",0.945468205142744
1975,"VA",3.040470047912
1975,"VT",0.730530434043036
1975,"WA",6.23152269441216
1975,"WI",5.97967992515522
1975,"WV",0.372140163864712
1975,"WY",1.26621636946106
1976,"AL",2.96055056275338
1976,"AR",4.39244606356136
1976,"AZ",2.71066396393842
1976,"CA",41.9064936353585
1976,"CO",2.94541859212429
1976,"CT",1.37201258753154
1976,"DE",0.347602982451167
1976,"FL",9.28533864428883
1976,"GA",4.02850622289003
1976,"IA",5.88289910129561
1976,"ID",4.71944546820514
1976,"IL",4.65562186374848
1976,"IN",3.63480565871913
1976,"KS",3.97561874521589
1976,"KY",2.93997533524225
1976,"LA",3.35839735775239
1976,"MA",1.24965979644487
1976,"MD",1.87827091543107
1976,"ME",0.957113089331784
1976,"MI",3.73564766251807
1976,"MN",5.57513537266464
1976,"MO",3.90732288152411
1976,"MS",4.57599296912653
1976,"MT",1.92669322144416
1976,"NC",5.94580840869787
1976,"ND",1.82113089331784
1976,"NE",3.32781447566127
1976,"NH",0.253508349162249
1976,"NJ",1.9509468998951
1976,"NM",1.4002282198849
1976,"NV",0.605101635812094
1976,"NY",4.99204065432484
1976,"OH",3.89825078672072
1976,"OK",2.78308479573612
1976,"OR",3.4201584781561
1976,"PA",5.62090692597738
1976,"RI",0.191350324610892
1976,"SC",3.17857851614549
1976,"SD",1.82453292886911
1976,"TN",2.27687608085505
1976,"TX",12.4549017662235
1976,"UT",0.83181895500808
1976,"VA",3.33510758937431
1976,"VT",0.779342556629717
1976,"WA",7.88498993564483
1976,"WI",6.98822045190372
1976,"WV",0.606831003883991
1976,"WY",1.30599183511468
1977,"AL",2.93860743344768
1977,"AR",4.7419059904176
1977,"AZ",2.89181526946957
1977,"CA",38.7569529101579
1977,"CO",3.12357185382587
1977,"CT",1.48150143168996
1977,"DE",0.350494712669747
1977,"FL",9.25146004025742
1977,"GA",3.89533779377994
1977,"IA",5.90994528392822
1977,"ID",4.02627363705951
1977,"IL",5.12032574490403
1977,"IN",4.36226717319196
1977,"KS",3.98504521872254
1977,"KY",2.91276613840615
1977,"LA",2.94291667847929
1977,"MA",1.35452045473875
1977,"MD",1.61355711167182
1977,"ME",1.1265344597851
1977,"MI",3.43670796359822
1977,"MN",4.85530008788592
1977,"MO",2.98958126612423
1977,"MS",4.50009922603691
1977,"MT",1.69162673999943
1977,"NC",5.98009809202506
1977,"ND",1.43718283106058
1977,"NE",3.64936353584895
1977,"NH",0.278655061945397
1977,"NJ",1.85729878377229
1977,"NM",1.43224987951124
1977,"NV",0.569975618745216
1977,"NY",5.61002749978737
1977,"OH",3.50214044736768
1977,"OK",2.79167493550308
1977,"OR",4.27752105009497
1977,"PA",5.00457857284609
1977,"RI",0.195971422901369
1977,"SC",2.47272701499731
1977,"SD",1.88241005868511
1977,"TN",2.41809599410314
1977,"TX",12.5224392594903
1977,"UT",0.890270178323364
1977,"VA",2.5175913588297
1977,"VT",0.86039605363876
1977,"WA",6.07441952768406
1977,"WI",7.62728574263601
1977,"WV",0.389348793694894
1977,"WY",1.13582626938452
1978,"AL",2.74528676324668
1978,"AR",4.33072038102798
1978,"AZ",3.01577693986902
1978,"CA",31.4500751282851
1978,"CO",3.43459586652681
1978,"CT",1.26703144047855
1978,"DE",0.355044935219573
1978,"FL",9.64017803986052
1978,"GA",3.98845434184787
1978,"IA",5.71409434978596
1978,"ID",4.30428372976498
1978,"IL",4.43161908541944
1978,"IN",4.12116916621779
1978,"KS",3.15691180222833
1978,"KY",3.70215887506024
1978,"LA",2.95658860885096
1978,"MA",1.38900859013977
1978,"MD",1.80163297706461
1978,"ME",1.26937033992005
1978,"MI",3.56948657613472
1978,"MN",5.01114166643041
1978,"MO",3.53791143367448
1978,"MS",4.02541604059762
1978,"MT",1.6659271964392
1978,"NC",5.9665466504125
1978,"ND",1.74247299634281
1978,"NE",4.15460125308309
1978,"NH",0.393339097893573
1978,"NJ",1.67223513735719
1978,"NM",1.41285827686899
1978,"NV",0.646152864797437
1978,"NY",5.70285345731863
1978,"OH",4.13771156408585
1978,"OK",2.32932412893715
1978,"OR",4.2324086411703
1978,"PA",4.63862586114025
1978,"RI",0.144324270688629
1978,"SC",2.52178720267627
1978,"SD",1.90581322824824
1978,"TN",2.34872990672753
1978,"TX",13.1880120772262
1978,"UT",0.901830011623621
1978,"VA",2.75212627221954
1978,"VT",0.943760099793043
1978,"WA",5.90387123295438
1978,"WI",8.09851727950557
1978,"WV",0.604789782553228
1978,"WY",1.19266861338701
1979,"AL",2.87493266804638
1979,"AR",3.58764494088963
1979,"AZ",2.44887024069402
1979,"CA",36.9282808380348
1979,"CO",2.85362033283248
1979,"CT",1.18482266889689
1979,"DE",0.378837921356278
1979,"FL",10.4167918804752
1979,"GA",4.8259575312562
1979,"IA",6.47734811328778
1979,"ID",3.78615371530632
1979,"IL",5.66708955858589
1979,"IN",3.34416550902957
1979,"KS",4.47837581152723
1979,"KY",2.66404190173787
1979,"LA",2.55171094037933
1979,"MA",1.29570067757208
1979,"MD",2.00165140475718
1979,"ME",1.22909874408188
1979,"MI",3.88411816403481
1979,"MN",4.90563603889661
1979,"MO",3.55143452499079
1979,"MS",3.51567062625804
1979,"MT",2.22208204575738
1979,"NC",7.8307983443427
1979,"ND",1.72313809429309
1979,"NE",4.26733620616335
1979,"NH",0.378625294134324
1979,"NJ",1.79382955801888
1979,"NM",2.06254075355087
1979,"NV",0.559670286054489
1979,"NY",5.78434638391971
1979,"OH",3.89683327190769
1979,"OK",3.02866214951946
1979,"OR",4.23126045417175
1979,"PA",4.25136081422051
1979,"RI",0.123352139029853
1979,"SC",2.51506109488844
1979,"SD",2.18074731380943
1979,"TN",2.83285374082159
1979,"TX",12.6050094973492
1979,"UT",0.802355909619256
1979,"VA",3.17562299776033
1979,"VT",0.893842315652199
1979,"WA",6.96704278059706
1979,"WI",9.39053241856377
1979,"WV",0.552292121452669
1979,"WY",1.38832109545545
1980,"AL",3.31105236299719
1980,"AR",4.82179003770589
1980,"AZ",2.79616845746038
1980,"CA",34.1696836106937
1980,"CO",3.77604683468942
1980,"CT",1.27835738383466
1980,"DE",0.353088764777592
1980,"FL",9.7805049187764
1980,"GA",5.37399002069572
1980,"IA",6.12450741360247
1980,"ID",4.14881070507187
1980,"IL",4.68198055169676
1980,"IN",4.83522807813342
1980,"KS",5.28947069996882
1980,"KY",3.49212570521362
1980,"LA",3.15251750630794
1980,"MA",1.35658293879171
1980,"MD",1.92219969948686
1980,"ME",1.31004592747994
1980,"MI",4.84173447112522
1980,"MN",5.03952740056134
1980,"MO",3.77488447254274
1980,"MS",5.01317580018711
1980,"MT",2.06561676069515
1980,"NC",6.01140390667083
1980,"ND",1.59546253508349
1980,"NE",5.10379752218411
1980,"NH",0.398973719275366
1980,"NJ",1.88793836645593
1980,"NM",1.78810988574831
1980,"NV",0.589331783517138
1980,"NY",6.69258356249823
1980,"OH",4.93582910441414
1980,"OK",3.19768661582514
1980,"OR",4.13970317239815
1980,"PA",5.62797323732033
1980,"RI",0.133721259887166
1980,"SC",2.60298953874068
1980,"SD",1.52508292461656
1980,"TN",3.26031950783886
1980,"TX",13.1792305729595
1980,"UT",1.02663510333683
1980,"VA",3.41932214441641
1980,"VT",1.12031865732997
1980,"WA",7.37902219828197
1980,"WI",10.3313440875457
1980,"WV",0.613663425282794
1980,"WY",1.37948997817027
1981,"AL",2.72363422447765
1981,"AR",4.43425566297168
1981,"AZ",2.41767073965923
1981,"CA",33.0802596887137
1981,"CO",3.74110509454824
1981,"CT",1.23812831344088
1981,"DE",0.313143197346412
1981,"FL",8.7847362004933
1981,"GA",4.80348283389561
1981,"IA",5.08663141779832
1981,"ID",3.5798415218439
1981,"IL",4.55400731437644
1981,"IN",3.42954242621835
1981,"KS",4.52774076489099
1981,"KY",3.63101380659428
1981,"LA",3.2805261814986
1981,"MA",1.28389986675361
1981,"MD",2.03230516258895
1981,"ME",1.26671249964562
1981,"MI",3.79549513792419
1981,"MN",4.41075326737164
1981,"MO",3.95556799818558
1981,"MS",5.02978198622176
1981,"MT",1.94123692342585
1981,"NC",5.32639696084824
1981,"ND",1.45544042185241
1981,"NE",4.5988574830607
1981,"NH",0.367093811130326
1981,"NJ",1.71117426927111
1981,"NM",1.42862104158988
1981,"NV",0.557714115612508
1981,"NY",7.03044821818388
1981,"OH",3.46927536642758
1981,"OK",2.70587985144445
1981,"OR",4.16708247101182
1981,"PA",4.19278910214612
1981,"RI",0.131105945057126
1981,"SC",2.23546338559238
1981,"SD",1.3286011963825
1981,"TN",2.93482266889689
1981,"TX",10.9222351373572
1981,"UT",1.01968219317892
1981,"VA",3.94759447736229
1981,"VT",0.969218665835058
1981,"WA",7.70563887392623
1981,"WI",7.33763785331557
1981,"WV",0.528038443001729
1981,"WY",1.27594760865251
1982,"AL",2.5505981912511
1982,"AR",3.60157202392765
1982,"AZ",3.02085873047373
1982,"CA",32.4256867859269
1982,"CO",3.19985541348907
1982,"CT",1.31109488844158
1982,"DE",0.466837240949168
1982,"FL",7.98352847787259
1982,"GA",5.14421795707765
1982,"IA",4.48510191931506
1982,"ID",4.24645621296743
1982,"IL",4.85509454823803
1982,"IN",4.11782383125904
1982,"KS",3.71410852493409
1982,"KY",3.33914750659144
1982,"LA",2.78983216624614
1982,"MA",1.25472032432739
1982,"MD",1.77386386187736
1982,"ME",1.48259291809599
1982,"MI",4.0507612054546
1982,"MN",4.47185524338729
1982,"MO",4.1346497320897
1982,"MS",3.54959884330791
1982,"MT",1.92356760128143
1982,"NC",6.06767924474811
1982,"ND",1.54651574858957
1982,"NE",5.04879085986449
1982,"NH",0.422015422561166
1982,"NJ",1.90185836191988
1982,"NM",1.50586851132594
1982,"NV",0.550711592436141
1982,"NY",5.70764465738667
1982,"OH",3.59337878830834
1982,"OK",2.36077878263828
1982,"OR",4.87990105746605
1982,"PA",5.5692668613387
1982,"RI",0.151858361919882
1982,"SC",2.34176282142148
1982,"SD",1.42658690783319
1982,"TN",2.85003402035551
1982,"TX",11.2540115669209
1982,"UT",1.10626399795878
1982,"VA",3.49417401411845
1982,"VT",1.03197204660789
1982,"WA",5.78012218977688
1982,"WI",8.15793950046778
1982,"WV",0.507293113713038
1982,"WY",1.12799450004253
1983,"AL",2.53508349162249
1983,"AR",3.40440280100927
1983,"AZ",2.80935843279562
1983,"CA",34.7079635982196
1983,"CO",3.08450514557877
1983,"CT",1.26144643211522
1983,"DE",0.417840841436793
1983,"FL",8.26314036231679
1983,"GA",4.69322144416409
1983,"IA",4.50687494684319
1983,"ID",3.77526720154226
1983,"IL",4.9086269951521
1983,"IN",3.96545516400646
1983,"KS",3.55534686587475
1983,"KY",3.09332917528988
1983,"LA",2.64713803759249
1983,"MA",1.23785189805233
1983,"MD",1.56985512998611
1983,"ME",1.37897967283758
1983,"MI",4.40569273948913
1983,"MN",4.17455277407649
1983,"MO",3.75618036458481
1983,"MS",3.27076659201089
1983,"MT",1.79818132849488
1983,"NC",5.77375754826638
1983,"ND",1.55317098063675
1983,"NE",4.76489099311088
1983,"NH",0.409654693391546
1983,"NJ",1.70418592124288
1983,"NM",1.45222266322683
1983,"NV",0.52831485839027
1983,"NY",6.4615640858447
1983,"OH",3.84987809372608
1983,"OK",2.24802965440989
1983,"OR",4.89534488135401
1983,"PA",6.05328438182179
1983,"RI",0.149753352422533
1983,"SC",2.31972755365294
1983,"SD",1.42391489241063
1983,"TN",2.71957304453832
1983,"TX",10.9208247101182
1983,"UT",0.990077396308791
1983,"VA",2.99559861650554
1983,"VT",0.95434184787231
1983,"WA",7.50821449834151
1983,"WI",7.22035976525955
1983,"WV",0.445822583846001
1983,"WY",1.072562583279
1984,"AL",2.59171320840303
1984,"AR",3.38754146230828
1984,"AZ",3.07342017974088
1984,"CA",31.9412865364443
1984,"CO",2.87411050945482
1984,"CT",1.31850140333966
1984,"DE",0.40035579621807
1984,"FL",8.32436282709154
1984,"GA",4.18694185354237
1984,"IA",4.06003883990588
1984,"ID",3.75052448048082
1984,"IL",4.61196949508122
1984,"IN",3.84736200493295
1984,"KS",3.44166926544382
1984,"KY",2.89865477844243
1984,"LA",2.24510957389505
1984,"MA",1.35206815411221
1984,"MD",1.57772942477249
1984,"ME",1.38851245995521
1984,"MI",4.2823547756074
1984,"MN",4.44560995662405
1984,"MO",2.51904431151306
1984,"MS",3.22341450968163
1984,"MT",1.86358546196808
1984,"NC",5.75923510900689
1984,"ND",1.36690244663057
1984,"NE",4.8745428514728
1984,"NH",0.402262353641596
1984,"NJ",1.72142290136932
1984,"NM",1.84062880957106
1984,"NV",0.529420519944433
1984,"NY",8.40941371587333
1984,"OH",4.11841918748051
1984,"OK",2.15925070166983
1984,"OR",4.66582088282823
1984,"PA",4.16176679046296
1984,"RI",0.163524508831117
1984,"SC",2.362380574377
1984,"SD",1.25741360247215
1984,"TN",2.62949706574434
1984,"TX",10.4823023275593
1984,"UT",1.01749213279279
1984,"VA",2.96853117115074
1984,"VT",0.921349190599042
1984,"WA",6.62117625379185
1984,"WI",7.32763019873558
1984,"WV",0.427961897201826
1984,"WY",1.04158988461429
1985,"AL",2.28662858276869
1985,"AR",3.26547926175829
1985,"AZ",2.83743940124174
1985,"CA",30.4105477277238
1985,"CO",3.05319224335894
1985,"CT",1.31013097836872
1985,"DE",0.394274657670173
1985,"FL",8.65010773112579
1985,"GA",3.20546877214867
1985,"IA",3.35875173645565
1985,"ID",3.36164346667423
1985,"IL",4.37823547756074
1985,"IN",4.22717092393616
1985,"KS",3.47721344938055
1985,"KY",2.82858702123437
1985,"LA",2.66308507923908
1985,"MA",1.29728120658861
1985,"MD",1.52687608085505
1985,"ME",1.28304935786579
1985,"MI",3.88282113798089
1985,"MN",4.2780030051314
1985,"MO",3.76851983103223
1985,"MS",3.33532021659626
1985,"MT",1.70463243840898
1985,"NC",4.88372125988717
1985,"ND",1.45584441357412
1985,"NE",4.55049896521419
1985,"NH",0.391496328636634
1985,"NJ",1.71201769058487
1985,"NM",1.32758767329119
1985,"NV",0.56824625067332
1985,"NY",5.64847758909081
1985,"OH",3.6301349474102
1985,"OK",2.11255067615457
1985,"OR",3.98560513707368
1985,"PA",4.60981487256542
1985,"RI",0.165423978680577
1985,"SC",2.01328211379809
1985,"SD",1.39554333342783
1985,"TN",2.41543815382871
1985,"TX",10.6291710373373
1985,"UT",0.885046636237349
1985,"VA",2.94108808437048
1985,"VT",0.951804496356987
1985,"WA",5.2836376265132
1985,"WI",7.66252516088793
1985,"WV",0.420555382303745
1985,"WY",1.03944234967255
1986,"AL",1.74624358574547
1986,"AR",2.46909108950189
1986,"AZ",2.03093726079438
1986,"CA",28.672653304227
1986,"CO",3.01477050435177
1986,"CT",1.15578487795197
1986,"DE",0.34873699430159
1986,"FL",8.97754656536161
1986,"GA",2.6204745839594
1986,"IA",4.41715334675247
1986,"ID",2.90719530519094
1986,"IL",3.78533864428883
1986,"IN",4.06889121991325
1986,"KS",3.20849516627449
1986,"KY",2.56793439741445
1986,"LA",1.87362146684433
1986,"MA",1.08308763076574
1986,"MD",1.30665097950274
1986,"ME",1.01297026053922
1986,"MI",3.08877895274006
1986,"MN",3.71722705752275
1986,"MO",2.78479290108582
1986,"MS",2.79452414027727
1986,"MT",1.32211606611289
1986,"NC",4.10311002749979
1986,"ND",1.24435120347008
1986,"NE",3.21790037705894
1986,"NH",0.319947268448955
1986,"NJ",1.51804496356987
1986,"NM",1.20062087148811
1986,"NV",0.520667365973974
1986,"NY",5.55491452385677
1986,"OH",3.28324072236555
1986,"OK",1.80504210018995
1986,"OR",3.27342443228532
1986,"PA",5.01917188784623
1986,"RI",0.138484109658946
1986,"SC",1.86391149037507
1986,"SD",0.997186233096136
1986,"TN",1.52782581577977
1986,"TX",9.33308054319168
1986,"UT",0.938685396762396
1986,"VA",2.51584781560967
1986,"VT",0.842606242735237
1986,"WA",4.96484563263686
1986,"WI",7.2274260766025
1986,"WV",0.356512063051059
1986,"WY",0.791759986391858
1987,"AL",1.90543049924872
1987,"AR",2.513055311428
1987,"AZ",2.7031440478553
1987,"CA",29.4155090295694
1987,"CO",3.82350523062966
1987,"CT",1.17763586879483
1987,"DE",0.311725682533382
1987,"FL",9.01952626654949
1987,"GA",2.90376491934341
1987,"IA",3.25224676097865
1987,"ID",2.98329458792844
1987,"IL",3.60603719558869
1987,"IN",3.37177869758739
1987,"KS",3.07261219629745
1987,"KY",2.38676891673518
1987,"LA",1.97178436764664
1987,"MA",0.938253054744422
1987,"MD",1.38972443512035
1987,"ME",0.851146769483741
1987,"MI",4.33502253848553
1987,"MN",3.47279789073796
1987,"MO",3.25960366285828
1987,"MS",2.98185581039322
1987,"MT",1.31565928613954
1987,"NC",3.69183227964732
1987,"ND",1.14581266124231
1987,"NE",3.28637343010234
1987,"NH",0.300109148640603
1987,"NJ",1.38817225640008
1987,"NM",1.12835596631985
1987,"NV",0.429386499588921
1987,"NY",6.57023077141156
1987,"OH",3.17468743798373
1987,"OK",1.81237065177331
1987,"OR",3.41231962124004
1987,"PA",3.96985654750092
1987,"RI",0.124819266861339
1987,"SC",1.45600034020356
1987,"SD",1.37406089643637
1987,"TN",1.19020213761234
1987,"TX",9.59146514331075
1987,"UT",0.812179287273552
1987,"VA",2.2826808040144
1987,"VT",0.970806282425651
1987,"WA",6.13662007767981
1987,"WI",7.23720692881241
1987,"WV",0.367689167351799
1987,"WY",0.796997703626003
1988,"AL",2.36084965837893
1988,"AR",2.59697218835937
1988,"AZ",2.44850168684263
1988,"CA",31.6238624443625
1988,"CO",3.31181782099623
1988,"CT",1.23354974059479
1988,"DE",0.35371955886939
1988,"FL",9.89922178436765
1988,"GA",2.41746520001134
1988,"IA",3.23250786720721
1988,"ID",2.68727496952343
1988,"IL",3.35212485470473
1988,"IN",2.94495081223599
1988,"KS",2.62486887987979
1988,"KY",2.60323760383296
1988,"LA",2.82989822243642
1988,"MA",0.86679613301959
1988,"MD",1.21540555098801
1988,"ME",0.75952569954356
1988,"MI",4.43155529725286
1988,"MN",3.54573611544241
1988,"MO",3.13810138065943
1988,"MS",2.86355711167182
1988,"MT",1.37506024437955
1988,"NC",4.06301562101324
1988,"ND",1.3281546792164
1988,"NE",2.96366909534205
1988,"NH",0.300853343917444
1988,"NJ",1.64742862812916
1988,"NM",0.936828452357327
1988,"NV",0.376825050321776
1988,"NY",5.44912539336036
1988,"OH",3.45509313072322
1988,"OK",1.9511311768208
1988,"OR",4.45228645139342
1988,"PA",4.9391319139285
1988,"RI",0.105930881977717
1988,"SC",1.75515975391943
1988,"SD",1.02884642644516
1988,"TN",1.29587786692371
1988,"TX",10.2936736313894
1988,"UT",0.855285912737788
1988,"VA",1.9503373685255
1988,"VT",0.92743032914694
1988,"WA",5.47303178068211
1988,"WI",6.899150908627
1988,"WV",0.311902871885011
1988,"WY",0.855767867774218
1989,"AL",1.93369574462053
1989,"AR",3.32084739035523
1989,"AZ",2.16616817395742
1989,"CA",33.2534587361438
1989,"CO",3.29292234853854
1989,"CT",1.22816318430528
1989,"DE",0.348779519745981
1989,"FL",9.21751056048536
1989,"GA",3.01454370198169
1989,"IA",4.02852039803816
1989,"ID",3.30321350608114
1989,"IL",3.16841493493607
1989,"IN",2.92291554446744
1989,"KS",3.04285856037196
1989,"KY",3.1305814645763
1989,"LA",2.20247781589318
1989,"MA",0.703533864428883
1989,"MD",1.00287046749639
1989,"ME",0.621750347291129
1989,"MI",3.65629518328467
1989,"MN",2.83056445439855
1989,"MO",2.64369347659683
1989,"MS",2.70949451421767
1989,"MT",1.41589175856888
1989,"NC",4.24667592776345
1989,"ND",1.82059932526295
1989,"NE",2.76969636832705
1989,"NH",0.266542397868058
1989,"NJ",1.27770532702067
1989,"NM",1.0829742295807
1989,"NV",0.389100728602614
1989,"NY",5.24182802710288
1989,"OH",3.70784310946049
1989,"OK",1.73822045190372
1989,"OR",5.18482975647095
1989,"PA",4.65888214781844
1989,"RI",0.0932866498454909
1989,"SC",2.15592662943328
1989,"SD",0.81539704589913
1989,"TN",2.03683412241658
1989,"TX",7.9544056360389
1989,"UT",0.835660420151391
1989,"VA",1.85885805006662
1989,"VT",0.771305247639838
1989,"WA",6.62573356391574
1989,"WI",6.46461883026678
1989,"WV",0.402085164289967
1989,"WY",0.910377625946191
1990,"AL",1.79816715334675
1990,"AR",2.89453689791058
1990,"AZ",2.21619227170924
1990,"CA",30.0285274856122
1990,"CO",3.761205454597
1990,"CT",1.11452810931874
1990,"DE",0.288492614747824
1990,"FL",8.11364925013466
1990,"GA",3.01544382388796
1990,"IA",3.64677657131517
1990,"ID",2.99650582598588
1990,"IL",2.61827034842514
1990,"IN",2.40667082471012
1990,"KS",3.25233181186743
1990,"KY",2.67083179769229
1990,"LA",1.7580940095824
1990,"MA",0.807714115612508
1990,"MD",1.29848609417968
1990,"ME",0.707297366257477
1990,"MI",3.45000425254444
1990,"MN",2.90461542823122
1990,"MO",2.3784055793383
1990,"MS",2.56141382927452
1990,"MT",1.4283942392198
1990,"NC",4.21547642672866
1990,"ND",0.964477078785473
1990,"NE",2.65482805545318
1990,"NH",0.298854648031072
1990,"NJ",1.25195617044198
1990,"NM",1.12813625152383
1990,"NV",0.487866073200465
1990,"NY",4.59143679301449
1990,"OH",3.44683610693732
1990,"OK",1.73051625889491
1990,"OR",5.07534091231253
1990,"PA",4.3507286026139
1990,"RI",0.0735902815184419
1990,"SC",2.29448870240694
1990,"SD",1.07608510758937
1990,"TN",2.0882828225555
1990,"TX",8.71741842202251
1990,"UT",0.818536841209991
1990,"VA",2.34663198480424
1990,"VT",0.720210926204179
1990,"WA",7.82008193235619
1990,"WI",5.89613160207524
1990,"WV",0.362699515209934
1990,"WY",0.962924900065206
1991,"AL",1.8156876364358
1991,"AR",3.22634167777053
1991,"AZ",2.26987355767868
1991,"CA",35.9945000425254
1991,"CO",2.54146230828112
1991,"CT",1.11285544183937
1991,"DE",0.295147846794999
1991,"FL",9.00128993847986
1991,"GA",3.42130666515465
1991,"IA",2.64091514756329
1991,"ID",2.76855526890256
1991,"IL",4.5414056076886
1991,"IN",2.72888611685992
1991,"KS",2.47979332634026
1991,"KY",2.1576914353755
1991,"LA",1.82445496555439
1991,"MA",0.954008731891248
1991,"MD",0.999255804723159
1991,"ME",0.889986675360757
1991,"MI",5.24844782127973
1991,"MN",3.29975476993735
1991,"MO",2.80632495109574
1991,"MS",2.9730743061265
1991,"MT",1.52841408442718
1991,"NC",5.21914070252034
1991,"ND",1.46560400306183
1991,"NE",3.20616335440705
1991,"NH",0.323278428259575
1991,"NJ",1.13990162447198
1991,"NM",1.43736002041221
1991,"NV",0.507300201287103
1991,"NY",5.1601933490205
1991,"OH",2.73436481161228
1991,"OK",1.4724435120347
1991,"OR",5.39713803759249
1991,"PA",5.19522722762453
1991,"RI",0.105115810960225
1991,"SC",2.05066906699175
1991,"SD",0.975469906160519
1991,"TN",2.11073625719389
1991,"TX",8.44698494599269
1991,"UT",1.03758540526749
1991,"VA",3.14310520794942
1991,"VT",0.716723839764126
1991,"WA",8.55866385053724
1991,"WI",5.55704788365038
1991,"WV",0.444185354236952
1991,"WY",1.26471380375925
1992,"AL",2.071584498058
1992,"AR",2.8516641623905
1992,"AZ",2.71788620191081
1992,"CA",31.8811555580756
1992,"CO",2.16886853967624
1992,"CT",1.05752983868681
1992,"DE",0.300718680010206
1992,"FL",9.80533977830068
1992,"GA",3.45862983018173
1992,"IA",3.02959770929606
1992,"ID",2.75084342131375
1992,"IL",3.62557054971224
1992,"IN",2.43975562044623
1992,"KS",2.7881311484705
1992,"KY",2.25829954923029
1992,"LA",1.94903325489751
1992,"MA",1.02893147733394
1992,"MD",1.36783800640717
1992,"ME",0.9248150143169
1992,"MI",3.99670427805971
1992,"MN",3.51028406996853
1992,"MO",2.70414339579849
1992,"MS",2.61837666203612
1992,"MT",1.49817849346526
1992,"NC",5.51893799790208
1992,"ND",1.02754940039123
1992,"NE",2.88705950727185
1992,"NH",0.407762311116151
1992,"NJ",1.23914892410626
1992,"NM",1.20079806083974
1992,"NV",0.5049825645678
1992,"NY",4.71758143622601
1992,"OH",2.88810138065943
1992,"OK",2.06809741161795
1992,"OR",4.27240382161994
1992,"PA",4.82842400703087
1992,"RI",0.117434014685453
1992,"SC",1.51036912085731
1992,"SD",0.750318940832932
1992,"TN",2.63805885521504
1992,"TX",8.68291611147336
1992,"UT",1.32651036203328
1992,"VA",2.56220054999575
1992,"VT",0.680754401383494
1992,"WA",5.86913503246109
1992,"WI",4.96961556998271
1992,"WV",0.482323590281518
1992,"WY",1.00150256570181
1993,"AL",1.62936948941116
1993,"AR",2.72208204575738
1993,"AZ",2.15623139511808
1993,"CA",32.6765443823888
1993,"CO",2.6321478184447
1993,"CT",1.12246619227171
1993,"DE",0.26547217418422
1993,"FL",9.50549286990049
1993,"GA",3.00607405097383
1993,"IA",2.52058940265926
1993,"ID",2.8096277606101
1993,"IL",3.57767981175403
1993,"IN",2.79749383381056
1993,"KS",3.28401326793865
1993,"KY",2.15343180336234
1993,"LA",2.06297309556885
1993,"MA",1.07186091344655
1993,"MD",1.11258611402489
1993,"ME",0.955093130723216
1993,"MI",3.70497972953817
1993,"MN",3.04831599240212
1993,"MO",1.90021404473677
1993,"MS",2.11457063476313
1993,"MT",1.50702378589856
1993,"NC",4.30206531908258
1993,"ND",0.935892892580727
1993,"NE",2.80249057352649
1993,"NH",0.321024579706858
1993,"NJ",1.33186148045247
1993,"NM",1.52545147846795
1993,"NV",0.490984605789131
1993,"NY",4.88131148470501
1993,"OH",3.22202534516486
1993,"OK",2.31146344229297
1993,"OR",4.4386853967624
1993,"PA",3.93993280979786
1993,"RI",0.118057721203187
1993,"SC",1.48238029087404
1993,"SD",0.823632806962833
1993,"TN",2.0583874351487
1993,"TX",8.86454937204094
1993,"UT",0.885245088311173
1993,"VA",2.61335865959799
1993,"VT",0.710784452697531
1993,"WA",7.30840869787089
1993,"WI",4.39348084937488
1993,"WV",0.426969636832705
1993,"WY",1.27342443228532
1994,"AL",1.3949408896323
1994,"AR",2.41102259518612
1994,"AZ",2.64521730502084
1994,"CA",34.5376350182859
1994,"CO",2.45939528818076
1994,"CT",1.19503586312477
1994,"DE",0.371240041958438
1994,"FL",10.1280228503388
1994,"GA",3.3328324780994
1994,"IA",2.86377682646784
1994,"ID",2.7461160094123
1994,"IL",3.28882573072889
1994,"IN",2.37710855328438
1994,"KS",1.95584441357412
1994,"KY",1.74332350523063
1994,"LA",1.11438635783744
1994,"MA",1.14209877243217
1994,"MD",1.02645082641114
1994,"ME",1.02280072576758
1994,"MI",4.26088651376407
1994,"MN",3.32042922348539
1994,"MO",2.40869078331869
1994,"MS",2.02141864882488
1994,"MT",1.4495860856746
1994,"NC",4.37866073200465
1994,"ND",0.901624471975732
1994,"NE",2.80304340430357
1994,"NH",0.339962577608936
1994,"NJ",1.99890851359397
1994,"NM",1.30701244578006
1994,"NV",0.442009468998951
1994,"NY",4.76711649136733
1994,"OH",3.12877413318969
1994,"OK",1.93099537890171
1994,"OR",4.25162305446092
1994,"PA",3.62780313554277
1994,"RI",0.135074986533609
1994,"SC",1.05950727185099
1994,"SD",0.80188104215689
1994,"TN",1.19815439571344
1994,"TX",8.87830635330139
1994,"UT",1.31993309330083
1994,"VA",2.21215944206617
1994,"VT",0.758512176452244
1994,"WA",8.94916791880475
1994,"WI",4.4083222294673
1994,"WV",0.461528647974371
1994,"WY",1.03969041476483
1995,"AL",1.64194284580274
1995,"AR",2.76847021801378
1995,"AZ",3.15356646726958
1995,"CA",37.172001247413
1995,"CO",1.89731522694412
1995,"CT",1.26020610665381
1995,"DE",0.236632835313129
1995,"FL",9.65178748617923
1995,"GA",3.16032801292774
1995,"IA",3.96286111189862
1995,"ID",3.51732911858929
1995,"IL",3.67397159300315
1995,"IN",1.7860970147138
1995,"KS",2.36712924900065
1995,"KY",2.03384316616109
1995,"LA",1.72551243160491
1995,"MA",0.934730530434043
1995,"MD",1.01690386414538
1995,"ME",0.79020780767159
1995,"MI",5.74493238454342
1995,"MN",3.19239928557253
1995,"MO",3.09663907237831
1995,"MS",2.32802710288323
1995,"MT",1.69792759334335
1995,"NC",4.82293113713038
1995,"ND",0.847220253451649
1995,"NE",2.37917812491141
1995,"NH",0.347695120914014
1995,"NJ",1.58224420945199
1995,"NM",1.16146202477816
1995,"NV",0.385152949848326
1995,"NY",4.61018342641681
1995,"OH",3.49607348396791
1995,"OK",1.8356391574292
1995,"OR",6.01610296827602
1995,"PA",3.83566750772546
1995,"RI",0.0820599325262949
1995,"SC",1.94748107617725
1995,"SD",0.837177161001332
1995,"TN",1.96149321010405
1995,"TX",7.54488560655459
1995,"UT",0.836036061576844
1995,"VA",2.94616987497519
1995,"VT",0.770639015677714
1995,"WA",7.67993224279194
1995,"WI",4.33706375981629
1995,"WV",0.373749043177501
1995,"WY",0.782418563773991
1996,"AL",1
1996,"AR",2.80967737362855
1996,"AZ",2.57740339636549
1996,"CA",37.959855980495
1996,"CO",3.02192895415757
1996,"CT",1.12460663963938
1996,"DE",0.16676353017889
1996,"FL",7.86000623706518
1996,"GA",3.2319195985598
1996,"IA",2.74525841295042
1996,"ID",3.3877611771043
1996,"IL",2.94046437785275
1996,"IN",2.21993451081564
1996,"KS",2.89354463754146
1996,"KY",1.85199727837156
1996,"LA",1.68648116122813
1996,"MA",0.829515493436906
1996,"MD",1.04890426104953
1996,"ME",0.701124089246733
1996,"MI",2.60377625946191
1996,"MN",3.13223286933348
1996,"MO",2.82192470161313
1996,"MS",2.5940379326964
1996,"MT",1.37266464434553
1996,"NC",4.43139228304936
1996,"ND",1.12693136393275
1996,"NE",2.96604343265387
1996,"NH",0.308692200833499
1996,"NJ",1.43773566183767
1996,"NM",1.13158081251949
1996,"NV",0.422206787060925
1996,"NY",3.91662177869759
1996,"OH",2.21663170130128
1996,"OK",2.03881864315482
1996,"OR",5.42923057295949
1996,"PA",3.62967425509597
1996,"RI",0.0730516258894905
1996,"SC",0.818558103932186
1996,"SD",0.937629348226689
1996,"TN",1.73452782581578
1996,"TX",8.7915473591699
1996,"UT",0.897138037592493
1996,"VA",1.99476228276585
1996,"VT",0.683001162362147
1996,"WA",9.27331103110028
1996,"WI",4.48028236895076
1996,"WV",0.28687664786097
1996,"WY",1.41293624018371
1997,"AL",1.21706404331925
1997,"AR",3.33068494315766
1997,"AZ",2.41244010999915
1997,"CA",35.9892481501432
1997,"CO",3.5453108609985
1997,"CT",1.12626513197063
1997,"DE",0.225987299067275
1997,"FL",8.98082811215377
1997,"GA",3.23316701159527
1997,"IA",3.09057210897854
1997,"ID",2.27648626428146
1997,"IL",3.74024749808635
1997,"IN",2.70876449408896
1997,"KS",3.48239446602217
1997,"KY",1.8410682391631
1997,"LA",1.60713576956879
1997,"MA",0.696098999234542
1997,"MD",1.5608680860715
1997,"ME",0.855023672497378
1997,"MI",3.80285912737788
1997,"MN",3.11220338502537
1997,"MO",2.60378334703598
1997,"MS",2.52608227255975
1997,"MT",1.16083831826043
1997,"NC",5.13475604570068
1997,"ND",0.665027074532929
1997,"NE",2.71847447055822
1997,"NH",0.300371388881014
1997,"NJ",1.71576701726533
1997,"NM",1.11456354718907
1997,"NV",0.428323363479148
1997,"NY",3.88266521135146
1997,"OH",2.39441640915148
1997,"OK",2.81453236186318
1997,"OR",5.84006180364585
1997,"PA",4.08160632778613
1997,"RI",0.0726334590196468
1997,"SC",1.53577098630681
1997,"SD",0.945319366087376
1997,"TN",2.20617752955518
1997,"TX",8.10430073994273
1997,"UT",0.972436424460636
1997,"VA",1.90285770986307
1997,"VT",0.687402545856604
1997,"WA",8.97066453094435
1997,"WI",3.89863351572024
1997,"WV",0.355441839367221
1997,"WY",1.12790236157968
1998,"AL",1.31533325773254
1998,"AR",2.40028492047742
1998,"AZ",3.13904402801009
1998,"CA",47.2933334278343
1998,"CO",2.8636208998384
1998,"CT",1.05740934992771
1998,"DE",0.242196580954271
1998,"FL",9.16918748050917
1998,"GA",2.94881354010149
1998,"IA",2.81514189323278
1998,"ID",3.02658549031837
1998,"IL",2.9288620191081
1998,"IN",2.41780540356647
1998,"KS",2.84656819663766
1998,"KY",1.59866611856094
1998,"LA",1.63530887647776
1998,"MA",0.653793269639668
1998,"MD",1.11532191761404
1998,"ME",0.802745726192839
1998,"MI",4.35660420151391
1998,"MN",2.63710912029031
1998,"MO",1.64317608369007
1998,"MS",2.25663396932498
1998,"MT",1.54272389646472
1998,"NC",4.2039378561506
1998,"ND",0.870921101125507
1998,"NE",2.175913588297
1998,"NH",0.281560967312108
1998,"NJ",1.2815822300343
1998,"NM",0.975505344030845
1998,"NV",0.406089643636776
1998,"NY",3.79033538400476
1998,"OH",2.33078416919457
1998,"OK",2.39995180449636
1998,"OR",4.88826439486293
1998,"PA",3.03813823604457
1998,"RI",0.0682179003770589
1998,"SC",1.82365406968503
1998,"SD",1.30616193689224
1998,"TN",1.50443682136478
1998,"TX",7.26353726646443
1998,"UT",1.19802681938026
1998,"VA",1.76411135996371
1998,"VT",0.644898364187906
1998,"WA",8.69025175063079
1998,"WI",2.49089246732628
1998,"WV",0.428663567034275
1998,"WY",0.999340855611941
1999,"AL",1.32316502707453
1999,"AR",2.33280412780314
1999,"AZ",2.69061321690812
1999,"CA",52.9232486604485
1999,"CO",3.01606044283163
1999,"CT",1.00779633147166
1999,"DE",0.29020780767159
1999,"FL",9.46546225158053
1999,"GA",2.50195617044198
1999,"IA",2.3545913304794
1999,"ID",3.19574462053128
1999,"IL",3.55332690726618
1999,"IN",2.53706801236073
1999,"KS",3.44315056842344
1999,"KY",2.09291100842004
1999,"LA",1.73831967794063
1999,"MA",0.620977801718028
1999,"MD",1.2579522581011
1999,"ME",0.762941910242962
1999,"MI",4.60641992458821
1999,"MN",3.63562072973663
1999,"MO",1.61264990219148
1999,"MS",1.89925722223797
1999,"MT",1.18890511155842
1999,"NC",4.15861990757803
1999,"ND",0.702981033651802
1999,"NE",2.96381793439741
1999,"NH",0.267378731607745
1999,"NJ",1.7422320188246
1999,"NM",1.10962350806566
1999,"NV",0.40579196552604
1999,"NY",3.91944263317552
1999,"OH",2.17796898477589
1999,"OK",1.87492558047232
1999,"OR",6.04844356873529
1999,"PA",3.44560995662405
1999,"RI",0.0648796529923738
1999,"SC",1.33291044141411
1999,"SD",1.37158024551357
1999,"TN",1.49092790519661
1999,"TX",6.59085561194115
1999,"UT",1.34697927593343
1999,"VA",1.78261701584782
1999,"VT",0.612664077339608
1999,"WA",8.42645224392595
1999,"WI",2.62532248461996
1999,"WV",0.341238340940663
1999,"WY",0.938529470132963
2000,"AL",1.14579848609418
2000,"AR",2.17789102146117
2000,"AZ",2.67645933150001
2000,"CA",44.9168556686417
2000,"CO",3.06294474527259
2000,"CT",1.04361693079693
2000,"DE",0.2545147846795
2000,"FL",10.387506024438
2000,"GA",2.03631672950982
2000,"IA",2.30359623508066
2000,"ID",3.594647464066
2000,"IL",3.91480027216284
2000,"IN",2.32957928160349
2000,"KS",3.06249114053242
2000,"KY",2.12589657811924
2000,"LA",1.71941003033482
2000,"MA",0.645295268335554
2000,"MD",0.94171887846228
2000,"ME",0.793567317778471
2000,"MI",4.73567601281433
2000,"MN",3.12636435800754
2000,"MO",2.01619510673887
2000,"MS",1.93881297309557
2000,"MT",1.2307005358206
2000,"NC",4.44109517194455
2000,"ND",0.978978255322768
2000,"NE",2.19309386783092
2000,"NH",0.278208544779293
2000,"NJ",1.86048110452754
2000,"NM",1.13781787769682
2000,"NV",0.493521957304454
2000,"NY",4.08492331244862
2000,"OH",2.47801434524991
2000,"OK",2.41448841890398
2000,"OR",5.10201854109375
2000,"PA",4.41905281660193
2000,"RI",0.0675020553964789
2000,"SC",1.46927536642758
2000,"SD",0.782928869106682
2000,"TN",1.57896266265982
2000,"TX",7.38913616647294
2000,"UT",0.967914552207071
2000,"VA",1.33884274090664
2000,"VT",0.637293397216001
2000,"WA",7.92219261191279
2000,"WI",2.53583477447339
2000,"WV",0.188196354151901
2000,"WY",0.784778725937686
2001,"AL",1.36995719105265
2001,"AR",2.73822753947779
2001,"AZ",2.55159045162022
2001,"CA",40.408619907578
2001,"CO",3.25678280838035
2001,"CT",1.06166898194086
2001,"DE",0.38009242196581
2001,"FL",9.76309074929833
2001,"GA",2.41701868284524
2001,"IA",2.40500524480481
2001,"ID",3.67146967935815
2001,"IL",3.03028520398038
2001,"IN",3.34451988773283
2001,"KS",2.75018427692569
2001,"KY",1.8907096079154
2001,"LA",1.58476029824512
2001,"MA",0.656330621154991
2001,"MD",0.990672752530264
2001,"ME",0.80829529668585
2001,"MI",4.15318373827006
2001,"MN",2.95890624557027
2001,"MO",1.82384543418479
2001,"MS",1.58620616335441
2001,"MT",1.06934482465342
2001,"NC",4.38396932497945
2001,"ND",0.756385904232699
2001,"NE",2.49793751594704
2001,"NH",0.283453349587503
2001,"NJ",1.80645252742891
2001,"NM",1.24250843421314
2001,"NV",0.470940946332889
2001,"NY",4.3888384883622
2001,"OH",2.27497661100558
2001,"OK",3.32205936552037
2001,"OR",5.93976979559436
2001,"PA",4.20890624557027
2001,"RI",0.0687849063022709
2001,"SC",1.30136364925013
2001,"SD",0.814589062455703
2001,"TN",1.86021886428713
2001,"TX",8.74423071471097
2001,"UT",1.12627930711876
2001,"VA",1.46185467638137
2001,"VT",0.64939188614521
2001,"WA",7.71609304567233
2001,"WI",2.73707935247923
2001,"WV",0.477014997306722
2001,"WY",0.780951435942506
2002,"AL",1.58434921894934
2002,"AR",2.01827885351402
2002,"AZ",2.48957417855017
2002,"CA",47.4004762849772
2002,"CO",2.21985654750092
2002,"CT",1.11991466560826
2002,"DE",0.255188104215689
2002,"FL",9.25564170895586
2002,"GA",2.29492104442491
2002,"IA",2.36511637796615
2002,"ID",3.70832506449692
2002,"IL",2.65566438919287
2002,"IN",2.08044396563944
2002,"KS",2.40572817735945
2002,"KY",1.68294446176963
2002,"LA",1.56611289087971
2002,"MA",0.692002381424886
2002,"MD",1.14528818076149
2002,"ME",0.853620332832478
2002,"MI",3.44777875428798
2002,"MN",2.53626711649137
2002,"MO",1.60560485357072
2002,"MS",1.51271510787288
2002,"MT",1.08859467581436
2002,"NC",4.48162900802313
2002,"ND",0.810315255294418
2002,"NE",2.50260113968191
2002,"NH",0.299336603067502
2002,"NJ",1.5597695120914
2002,"NM",1.23415218439033
2002,"NV",0.502225498256457
2002,"NY",4.37211181356845
2002,"OH",2.23686672525728
2002,"OK",1.90095824001361
2002,"OR",6.44024466305673
2002,"PA",4.1670257704193
2002,"RI",0.0726405465937119
2002,"SC",1.5284707850197
2002,"SD",1.02175176480594
2002,"TN",1.57749553482834
2002,"TX",8.81892665778357
2002,"UT",0.836454228446687
2002,"VA",1.90134805658719
2002,"VT",0.6864882488022
2002,"WA",7.08960819890568
2002,"WI",2.64591897485329
2002,"WV",0.458424290533836
2002,"WY",0.79878377229042
2003,"AL",1.18196637654864
2003,"AR",1.58534147931846
2003,"AZ",2.25260822725597
2003,"CA",42.545367561591
2003,"CO",3.03373685255011
2003,"CT",1.02115640858447
2003,"DE",0.186998554134891
2003,"FL",9.3010659711394
2003,"GA",2.53076007144275
2003,"IA",2.00706631134295
2003,"ID",3.5720522779463
2003,"IL",3.15737958211663
2003,"IN",1.70959374025459
2003,"KS",2.27285033878604
2003,"KY",2.10642701216228
2003,"LA",1.4640447367675
2003,"MA",0.631474498908514
2003,"MD",0.594356873529328
2003,"ME",0.778463697445638
2003,"MI",3.95233606441187
2003,"MN",3.01765514699629
2003,"MO",1.76730785586709
2003,"MS",1.36164346667423
2003,"MT",0.766060442831628
2003,"NC",3.80207949423071
2003,"ND",0.791866300002835
2003,"NE",1.9554829472968
2003,"NH",0.272949564822952
2003,"NJ",1.37789527400561
2003,"NM",1.66914495506478
2003,"NV",0.389341706120829
2003,"NY",4.20687211181357
2003,"OH",2.33048649108383
2003,"OK",1.86372721344938
2003,"OR",5.91402063901568
2003,"PA",3.62935531426303
2003,"RI",0.0662262920647521
2003,"SC",1.09118164034814
2003,"SD",0.859715646528506
2003,"TN",1.96909817707595
2003,"TX",6.93922405239135
2003,"UT",1.05657301618802
2003,"VA",1.6113032631191
2003,"VT",0.625974541433958
2003,"WA",7.1670257704193
2003,"WI",2.75326737164403
2003,"WV",0.432405806140674
2003,"WY",0.66794715504777
2004,"AL",1.24119723301108
2004,"AR",1.92537493266805
2004,"AZ",2.30224959600828
2004,"CA",40.5832577325433
2004,"CO",2.77121310917699
2004,"CT",0.928911632126556
2004,"DE",0.226440903807445
2004,"FL",9.27417571513622
2004,"GA",2.62028321945964
2004,"IA",1.69331358262694
2004,"ID",3.22200408244266
2004,"IL",2.97169931675786
2004,"IN",1.786118277436
2004,"KS",2.19307260510872
2004,"KY",2.57249879511241
2004,"LA",1.11126073767471
2004,"MA",0.574462053128455
2004,"MD",0.764416125648513
2004,"ME",0.708013211238057
2004,"MI",5.04662206220055
2004,"MN",2.470735406685
2004,"MO",2.03431094604939
2004,"MS",1.37998610835483
2004,"MT",1.21482436991467
2004,"NC",3.64115612508151
2004,"ND",1.32242083179769
2004,"NE",2.29692682788535
2004,"NH",0.248511609446319
2004,"NJ",1.32540470047912
2004,"NM",1.73593116548068
2004,"NV",0.532765854903184
2004,"NY",3.56625464236101
2004,"OH",2.24985116094463
2004,"OK",2.05519802681938
2004,"OR",5.26729368071896
2004,"PA",3.63316134153602
2004,"RI",0.0602018541093754
2004,"SC",1.43734584526408
2004,"SD",0.625067331953619
2004,"TN",1.72669605647379
2004,"TX",6.5751849856831
2004,"UT",1.1539704589913
2004,"VA",1.67185240835767
2004,"VT",0.569585802171633
2004,"WA",7.88723669662348
2004,"WI",3.18434780143452
2004,"WV",0.326474924162957
2004,"WY",0.771971479601962
